work_id,edition_id,isbn13,title,author,status,cover_exists,page_count_exists,feature_exists,tag_count,recommendation_eligible,quality_class,quality_issue
1f7c9da6-a8f5-484a-88ee-0d2bc68a0816,4549923e-3d04-4122-b479-731eff0ed06f,,"""P-300"" ŭn narŭnda","Yi, Kŭm-ch'ŏl (Science fiction writer)",published/published,false,false,true,0,true,B_PARTIAL,missing_isbn13;missing_description;missing_publisher;missing_page_count;missing_cover
8769d1de-5394-4968-a70a-819a78a18745,d895f0fe-05a2-4567-a891-465f8cf940aa,,2061,Arthur C. Clarke,published/published,false,false,true,0,true,B_PARTIAL,missing_isbn13;missing_description;missing_publisher;missing_page_count;missing_cover
e14f0672-36a0-43a4-954e-e5e3c342e4ce,0c8639d0-23c1-4401-9d8e-98e60dc65df3,,2nd Chance,"James Patterson, Andrew Gross",published/published,false,false,true,0,true,B_PARTIAL,missing_isbn13;missing_description;missing_publisher;missing_page_count;missing_cover
80896d52-fb60-4d50-82bc-1866a0e5fc77,0b785556-5c4b-42e4-90f0-94129313c6a5,,8 Stunning Sexy Lovemaking,Alborz Azar,published/published,false,false,true,0,true,B_PARTIAL,missing_isbn13;missing_description;missing_publisher;missing_page_count;missing_cover
1af46b94-b048-4e40-9724-894d4a68c6dc,94d79714-5814-4fcc-a298-df5c22b87219,,A Child of Books,"Oliver Jeffers, Sam Winston, Sam Winston",published/published,false,false,true,0,true,B_PARTIAL,missing_isbn13;missing_description;missing_publisher;missing_page_count;missing_cover
7bf7db1a-1bb3-43e2-a9e7-6b4460cad51f,7039335b-faca-4738-a07a-987082907703,,A Child's Calendar,John Updike,published/published,false,false,true,0,true,B_PARTIAL,missing_isbn13;missing_description;missing_publisher;missing_page_count;missing_cover
e8ec9762-aaf2-42ef-ae11-29b16612e2be,f76ccba1-a95c-4bcb-be81-9434178dbe25,,A Christmas Carol,Charles Dickens,published/published,false,false,true,0,true,B_PARTIAL,missing_isbn13;missing_description;missing_publisher;missing_page_count;missing_cover
a01d7743-5083-4190-895b-d422554f64d2,4c0224a9-5925-4f39-aad1-a2d5b88367a8,,A Clockwork Orange,Anthony Burgess,published/published,false,false,true,0,true,B_PARTIAL,missing_isbn13;missing_description;missing_publisher;missing_page_count;missing_cover
f4dff5d2-d555-4b2c-a247-72c527d509c9,d02f7186-b605-4b75-862a-bce5b1089b83,,A Dog So Small,"Philippa Pearce, Jenny Agutter",published/published,false,false,true,0,true,B_PARTIAL,missing_isbn13;missing_description;missing_publisher;missing_page_count;missing_cover
c043a0aa-102b-484b-94ee-a8f42a9f3e18,524bffc8-8f49-4f1f-80db-53db8277ae36,,A Farewell to Arms,Ernest Hemingway,published/published,false,false,true,0,true,B_PARTIAL,missing_isbn13;missing_description;missing_publisher;missing_page_count;missing_cover
71452b1d-bf4e-4a99-b238-e1ffd2235a92,1198fcc7-e239-4aa0-97a9-2703fcce0aa3,,A Gentleman in Moscow,Amor Towles,published/published,false,false,true,0,true,B_PARTIAL,missing_isbn13;missing_description;missing_publisher;missing_page_count;missing_cover
959e7cb3-0d03-471f-9edb-43743b55a007,de9b89a0-a077-4ee3-a430-c5d8e96dc1be,,A Little Life,Hanya Yanagihara,published/published,false,false,true,0,true,B_PARTIAL,missing_isbn13;missing_description;missing_publisher;missing_page_count;missing_cover
29fbcf8c-965f-46d7-902b-638ecef24d36,6c71fcfc-24b5-4705-98fb-1e1e15e9f535,,A Midsummer Night's Dream,William Shakespeare,published/published,false,false,true,0,true,B_PARTIAL,missing_isbn13;missing_description;missing_publisher;missing_page_count;missing_cover
b8bef9f1-36a8-4f87-bd57-f3c5ece643fb,cb222c83-ebc0-4927-932a-09f3e9c40bb0,,A Portrait of the Artist as a Young Man,"James Joyce, James Joyce, james joyce, J Joyce",published/published,false,false,true,0,true,B_PARTIAL,missing_isbn13;missing_description;missing_publisher;missing_page_count;missing_cover
e6ddc6d3-2626-4d42-be28-fff63fba9d37,ce725608-b97c-4600-9558-4db0661d0564,,A Q zheng zhuan,"Lu Xun, David Pollard",published/published,false,false,true,0,true,B_PARTIAL,missing_isbn13;missing_description;missing_publisher;missing_page_count;missing_cover
037c4095-e5e3-4a40-ae20-3f568c006fbf,a9e753ae-c22f-4f22-a247-b1be3f64536e,,A Room of One's Own,Virginia Woolf,published/published,false,false,true,0,true,B_PARTIAL,missing_isbn13;missing_description;missing_publisher;missing_page_count;missing_cover
0aeaa2f0-61d8-40b1-a035-33f2d095ccc1,091b5d36-0a8c-4cc3-abde-a99b46438ccf,,A Stab in the Dark,Lawrence Block,published/published,false,false,true,0,true,B_PARTIAL,missing_isbn13;missing_description;missing_publisher;missing_page_count;missing_cover
6ba77b04-e364-48a3-9a67-c2fa2d366da6,dbf1c4cb-94d1-4377-bc54-e4778760c1a3,,A Tree Is Nice,Janice May Udry,published/published,false,false,true,0,true,B_PARTIAL,missing_isbn13;missing_description;missing_publisher;missing_page_count;missing_cover
5a14c32b-f72e-49fb-b9fe-b6cd8bcba5b1,dfc6e9c7-8879-4433-982c-8c55068bb4b8,,A boy wants a dinosaur,"Hiawyn Oram, Satoshi Kitamura",published/published,false,false,true,0,true,B_PARTIAL,missing_isbn13;missing_description;missing_publisher;missing_page_count;missing_cover
86a60e3c-3d55-4d33-821e-974ba0388788,18fa206e-ef46-47e3-a3f3-6e51d08ca55c,,A bruxa de Portobello,Paulo Coelho,published/published,false,false,true,0,true,B_PARTIAL,missing_isbn13;missing_description;missing_publisher;missing_page_count;missing_cover
db766d41-7053-47d3-8a81-9641ebbe148b,a948acd4-c6ff-4e43-a4c8-8e58e08ec770,,A gesture life,Chang-rae Lee,published/published,false,false,true,0,true,B_PARTIAL,missing_isbn13;missing_description;missing_publisher;missing_page_count;missing_cover
83e487b4-1fef-4bcd-a179-54c3dd6f3f34,9f49a0cd-6aa5-446d-b32c-9dcd60f337c5,,A new coat for Anna,Harriet Ziefert,published/published,false,false,true,0,true,B_PARTIAL,missing_isbn13;missing_description;missing_publisher;missing_page_count;missing_cover
d85b0a63-6eac-41a6-bf66-69e6e53f26c1,26336500-26b0-4082-bf94-ad35dcc9d821,,A single shard,Linda Sue Park,published/published,false,false,true,0,true,B_PARTIAL,missing_isbn13;missing_description;missing_publisher;missing_page_count;missing_cover
c08e465e-ce8d-4c53-8ae4-56fcc9b17e23,194a36fb-aa57-4585-9cb0-2291389bceac,,A stolen tongue,Sheri Holman,published/published,false,false,true,0,true,B_PARTIAL,missing_isbn13;missing_description;missing_publisher;missing_page_count;missing_cover
81934709-8baa-4b58-8b63-f2f437a27458,90cc3c88-92bb-4fe5-b069-ecf04481f8f4,,Acide sulfurique,Amélie Nothomb,published/published,false,false,true,0,true,B_PARTIAL,missing_isbn13;missing_description;missing_publisher;missing_page_count;missing_cover
bda44cd0-033d-4817-b021-6eb94c724979,480c1e14-d314-422d-ad9c-88c53a2155d5,,Adventures of Huckleberry Finn,Mark Twain,published/published,false,false,true,0,true,B_PARTIAL,missing_isbn13;missing_description;missing_publisher;missing_page_count;missing_cover
0a96269f-ac78-43b7-861b-8bfd62d9662a,7218f46d-6000-473b-b2fd-003b8e30d6cb,,After You,"Jojo Moyes, Ana Momplet Chico, María del Mar López Gil",published/published,false,false,true,0,true,B_PARTIAL,missing_isbn13;missing_description;missing_publisher;missing_page_count;missing_cover
4771ac1d-279e-4369-ba72-a807b993218a,c2e6b5ca-c7cd-4b52-8268-25afeb7de52b,,Agnes Grey,Anne Brontë,published/published,false,false,true,0,true,B_PARTIAL,missing_isbn13;missing_description;missing_publisher;missing_page_count;missing_cover
7f140b2f-3e49-45fc-92c1-6d09f726be35,060d0b3e-dbed-41bd-b727-267d77052d7b,,Aladdin and the wonderful lamp,Andrew Lang,published/published,false,false,true,0,true,B_PARTIAL,missing_isbn13;missing_description;missing_publisher;missing_page_count;missing_cover
44b92668-c7c0-4c7f-b1e7-3fa889fb2fd1,f5ec0fd1-1b49-4eca-b1c0-6df9a8451989,,Alice's Adventures in Wonderland,Lewis Carroll,published/published,false,false,true,0,true,B_PARTIAL,missing_isbn13;missing_description;missing_publisher;missing_page_count;missing_cover
28f17e4e-db60-4a41-a986-6b45614b3bd2,acc35ba7-61fc-4b40-8d23-ed53b074d455,,All that is,James Salter,published/published,false,false,true,0,true,B_PARTIAL,missing_isbn13;missing_description;missing_publisher;missing_page_count;missing_cover
9fa914e3-6d18-40c7-bb67-9b6e08a7e739,f805bc61-444c-498e-9e56-7ab6479ec0f2,,All the Light We Cannot See,Anthony Doerr,published/published,false,false,true,0,true,B_PARTIAL,missing_isbn13;missing_description;missing_publisher;missing_page_count;missing_cover
437f6ddf-54d3-4c08-90bd-b8023b236210,7ee7a99d-29b2-4aba-b0eb-16e7075a0b30,,Am Ufer des Rio Piedra saß ich und weinte,Paulo Coelho,published/published,false,false,true,0,true,B_PARTIAL,missing_isbn13;missing_description;missing_publisher;missing_page_count;missing_cover
409c6e24-e298-4b41-9103-39c2ae392b8d,77bd6aa3-fdc0-47b9-b698-769ca71e5e63,,Among Others,Jo Walton,published/published,false,false,true,0,true,B_PARTIAL,missing_isbn13;missing_description;missing_publisher;missing_page_count;missing_cover
46f212d5-4636-4ec2-8b31-6e5d0993a936,d8fc9f50-b462-438d-9338-1b92daf00348,,An American Tragedy,Theodore Dreiser,published/published,false,false,true,0,true,B_PARTIAL,missing_isbn13;missing_description;missing_publisher;missing_page_count;missing_cover
567d725d-9660-4c4b-b36c-b4adcdb78310,de35ae4f-e3cf-4f49-b0d2-2e3a95cb381f,,Anaphora ston Gkreko,Nikos Kazantzakis,published/published,false,false,true,0,true,B_PARTIAL,missing_isbn13;missing_description;missing_publisher;missing_page_count;missing_cover
76e8e984-38af-4b88-8822-92d6e9d03283,d19cfe5d-5bbf-4036-bf04-f963e6154e26,,Animal Farm,George Orwell,published/published,false,false,true,0,true,B_PARTIAL,missing_isbn13;missing_description;missing_publisher;missing_page_count;missing_cover
f3f6dc88-6675-4732-9c80-4328be08e9ea,bb830db6-92c5-426d-84bb-057ab40677fe,,Anne of Green Gables,Lucy Maud Montgomery,published/published,false,false,true,0,true,B_PARTIAL,missing_isbn13;missing_description;missing_publisher;missing_page_count;missing_cover
8a90ba73-ee97-4f43-96f3-254c2d5edc01,5f41bf42-d9f6-4402-b043-67b3f35d4bff,,Arthas,Christie Golden,published/published,false,false,true,0,true,B_PARTIAL,missing_isbn13;missing_description;missing_publisher;missing_page_count;missing_cover
b02dce37-8dd4-43c7-b6fa-094ce0c0e9a1,98aecd81-761b-4bd3-bd3d-b2019175baaf,,At the Back of the North Wind,George MacDonald,published/published,false,false,true,0,true,B_PARTIAL,missing_isbn13;missing_description;missing_publisher;missing_page_count;missing_cover
9ffbffa7-f953-478a-ae29-42f9b46d98c0,f6f98381-eb58-4d35-a5d3-489e992994aa,,Augustus,John Williams,published/published,false,false,true,0,true,B_PARTIAL,missing_isbn13;missing_description;missing_publisher;missing_page_count;missing_cover
4e960a91-f729-4bf8-bf88-dc1a4fb0c0d8,9cb1797b-0ba1-4c33-8c64-94487c455146,,Azazel,Isaac Asimov,published/published,false,false,true,0,true,B_PARTIAL,missing_isbn13;missing_description;missing_publisher;missing_page_count;missing_cover
ed13772c-aac7-40f5-ad3f-ecaf8067584f,794ec3f7-16fd-4b5a-9983-6c13ac5a0388,,Baboon,Kate Banks,published/published,false,false,true,0,true,B_PARTIAL,missing_isbn13;missing_description;missing_publisher;missing_page_count;missing_cover
a19ac6a6-572f-4cdd-a312-1aaaad686204,c34d9564-722e-46c2-9f14-f884aa3ee779,,Beloved,Toni Morrison,published/published,false,false,true,0,true,B_PARTIAL,missing_isbn13;missing_description;missing_publisher;missing_page_count;missing_cover
f793e63a-48ad-4c8d-8524-fd58e9170510,98f85dce-8dbd-4c4b-926d-789039ec124b,,Between the Acts,"Virginia Woolf, Stella McNichol, Gillian Beer, Mark Hussey",published/published,false,false,true,0,true,B_PARTIAL,missing_isbn13;missing_description;missing_publisher;missing_page_count;missing_cover
2c28845f-0fd6-4acc-aefb-f7ae301f27a7,18a16ebe-356e-4cd5-b426-742ca1623467,,Blix,Frank Norris,published/published,false,false,true,0,true,B_PARTIAL,missing_isbn13;missing_description;missing_publisher;missing_page_count;missing_cover
22c41dc0-f10a-45e5-9318-d8978ce7e75c,1affc307-7077-4bf6-8f70-ef0d9bf75206,,Body Double,Tess Gerritsen,published/published,false,false,true,0,true,B_PARTIAL,missing_isbn13;missing_description;missing_publisher;missing_page_count;missing_cover
f11b24e1-4531-4ca0-92e6-0bffa4011687,d20cf664-eda8-41b6-be97-951fb45a60f0,,Bonjour tristesse,Françoise Sagan,published/published,false,false,true,0,true,B_PARTIAL,missing_isbn13;missing_description;missing_publisher;missing_page_count;missing_cover
2f5af484-7a20-4ea5-97fd-82d8287229fc,a32ef7e4-8adb-4ed6-ac48-7820dd45228e,,Breaking Dawn,Stephenie Meyer,published/published,false,false,true,0,true,B_PARTIAL,missing_isbn13;missing_description;missing_publisher;missing_page_count;missing_cover
644b6057-592b-4e59-b0d3-700dbcdd1b59,b8622f8b-427a-47d9-9834-18a55dfd7d90,,Brian Wildsmith's Farm Animals,Brian Wildsmith,published/published,false,false,true,0,true,B_PARTIAL,missing_isbn13;missing_description;missing_publisher;missing_page_count;missing_cover
f3d5b819-9009-4649-9b7d-6eb3a5659496,0474eacd-2465-4e6c-a61a-aefa3b2e4a4e,,Bridget Jones's Diary,Helen Fielding,published/published,false,false,true,0,true,B_PARTIAL,missing_isbn13;missing_description;missing_publisher;missing_page_count;missing_cover
093a55cf-d7a3-44c4-803b-3395949d7085,da0837c1-57f6-49cc-8492-888da5e5deef,,Brisingr,Christopher Paolini,published/published,false,false,true,0,true,B_PARTIAL,missing_isbn13;missing_description;missing_publisher;missing_page_count;missing_cover
b05ce8d9-c67c-4fbe-a394-66c33f35da35,94cac709-851e-486e-9279-f0b91f130cc8,,Broken April,Ismail Kadare,published/published,false,false,true,0,true,B_PARTIAL,missing_isbn13;missing_description;missing_publisher;missing_page_count;missing_cover
2352a14f-410a-403b-a1e0-7517042be488,55f03bf4-d8ba-4084-b78b-0f35924aff0b,,Bruder Bär und Schwester Bär,Hanna Johansen,published/published,false,false,true,0,true,B_PARTIAL,missing_isbn13;missing_description;missing_publisher;missing_page_count;missing_cover
a2991b36-430c-403a-b5e0-1d82cf858004,beaa2611-5b34-4e2e-bd36-f3cf3bd3d5aa,,"Bumblebee, bumblebee, do you know me?",Anne F. Rockwell,published/published,false,false,true,0,true,B_PARTIAL,missing_isbn13;missing_description;missing_publisher;missing_page_count;missing_cover
e5e6ca17-bfe6-4150-aa76-4d576d5d9b98,566e2e37-cdf7-4abc-8330-1f7b6a923db0,,Burning Bright,Tracy Chevalier,published/published,false,false,true,0,true,B_PARTIAL,missing_isbn13;missing_description;missing_publisher;missing_page_count;missing_cover
2288df25-996c-4437-99a9-a474a542f3b7,380779e9-a72d-4286-b0e9-6c289214c543,,Candide,Voltaire,published/published,false,false,true,0,true,B_PARTIAL,missing_isbn13;missing_description;missing_publisher;missing_page_count;missing_cover
a52f8f76-d359-4e88-bb50-5f2aa7d8dd75,4188c02e-2585-42dc-ac5c-a92811010008,,Case Histories,Kate Atkinson,published/published,false,false,true,0,true,B_PARTIAL,missing_isbn13;missing_description;missing_publisher;missing_page_count;missing_cover
809a80c8-d19f-431c-845e-258ae01825e7,de39573c-5d44-4154-b218-248bef363d35,,Catch-22,Joseph Heller,published/published,false,false,true,0,true,B_PARTIAL,missing_isbn13;missing_description;missing_publisher;missing_page_count;missing_cover
2643d7de-fb43-442c-a50e-d25b7cbb26cb,67b1caee-e60a-432e-a554-be4409d4daa9,,Charlie and the Chocolate Factory,Roald Dahl,published/published,false,false,true,0,true,B_PARTIAL,missing_isbn13;missing_description;missing_publisher;missing_page_count;missing_cover
3378e026-220f-4282-b72a-a882bfeea14b,2f042a4b-b8f9-4e35-b4d8-8fc2c856ac5d,,Charlotte's Web,E. B. White,published/published,false,false,true,0,true,B_PARTIAL,missing_isbn13;missing_description;missing_publisher;missing_page_count;missing_cover
a14d7fc4-6e64-4d11-a363-1cb54ad048d2,60f61909-c911-42dc-a230-910659e6746c,,Children of Blood and Bone,Tomi Adeyemi,published/published,false,false,true,0,true,B_PARTIAL,missing_isbn13;missing_description;missing_publisher;missing_page_count;missing_cover
3155b65b-f64d-40b8-a5b3-f89b9f8031f2,a8bedfef-b26b-4b59-a5bf-d592d59d8483,,Cien años de soledad,Gabriel García Márquez,published/published,false,false,true,0,true,B_PARTIAL,missing_isbn13;missing_description;missing_publisher;missing_page_count;missing_cover
aa3230b4-1d4d-4f2a-9b0e-42e84b7eda2f,d49ab1a2-a482-4547-9872-7264dfd8f217,,Clementine,Sara Pennypacker,published/published,false,false,true,0,true,B_PARTIAL,missing_isbn13;missing_description;missing_publisher;missing_page_count;missing_cover
a7e2598f-a06d-40fc-8b9c-ae8fca24e987,c4c590ee-7706-43b8-b0af-354a0c4a94b1,,Consequences of pragmatism,Richard Rorty,published/published,false,false,true,0,true,B_PARTIAL,missing_isbn13;missing_description;missing_publisher;missing_page_count;missing_cover
1b7147fa-f9c8-4f8d-9730-389db4657af5,c7deb325-6ecb-4503-a2df-09436d8c5fa0,,Consider Phlebas,Iain Banks,published/published,false,false,true,0,true,B_PARTIAL,missing_isbn13;missing_description;missing_publisher;missing_page_count;missing_cover
a8dfe029-b2e8-4df7-839b-663bc0be61af,51c4061d-90c2-46aa-a579-56d1e18743df,,Conversación en La Catedral,Mario Vargas Llosa,published/published,false,false,true,0,true,B_PARTIAL,missing_isbn13;missing_description;missing_publisher;missing_page_count;missing_cover
3cff5e74-9efa-4f4c-b31b-68eaf262ef0a,f8c0e9cb-23b1-44f3-afe9-a29c8cdee353,,Couples,John Updike,published/published,false,false,true,0,true,B_PARTIAL,missing_isbn13;missing_description;missing_publisher;missing_page_count;missing_cover
e0abaff7-b72f-4f6e-80bf-06dd0ef092aa,7a921134-f17f-436b-a3eb-12fd309babd8,,Daily fiction,Sang-ho No,published/published,false,false,true,0,true,B_PARTIAL,missing_isbn13;missing_description;missing_publisher;missing_page_count;missing_cover
54a90a22-6d56-40d2-a0fd-770ed61ed6a8,4f436703-b7ce-4a3a-bcb0-5801ad777d4a,,Dance of the Happy Shades,Alice Munro,published/published,false,false,true,0,true,B_PARTIAL,missing_isbn13;missing_description;missing_publisher;missing_page_count;missing_cover
cad1f80e-68b7-4c9b-8f30-c52521ad46ee,7f5f74e9-0f56-4771-883b-5e7c1aebe0b9,,"Danny, The Champion of the World",Roald Dahl,published/published,false,false,true,0,true,B_PARTIAL,missing_isbn13;missing_description;missing_publisher;missing_page_count;missing_cover
8cd90287-996c-4c44-9ff7-c49dc23236aa,faf4ba64-1dfd-4a31-bdda-0b41b5ed82fd,,Das Austauschkind,Christine Nöstlinger,published/published,false,false,true,0,true,B_PARTIAL,missing_isbn13;missing_description;missing_publisher;missing_page_count;missing_cover
13cc06fe-eb99-42b4-8710-ba3df2846cb7,d97f1913-c0e4-4b0c-bf07-62d7dd841ff8,,Das Parfum,Patrick Süskind,published/published,false,false,true,0,true,B_PARTIAL,missing_isbn13;missing_description;missing_publisher;missing_page_count;missing_cover
0622e7fe-bcab-4c47-b20b-cf2fc862f58b,f60da240-2e25-4809-84f1-e86adea2475f,,Daughter of Smoke and Bone,Laini Taylor,published/published,false,false,true,0,true,B_PARTIAL,missing_isbn13;missing_description;missing_publisher;missing_page_count;missing_cover
2e11d765-11dc-4f5d-9426-6e7546e6be8d,4ed3f027-93b4-459f-9fcb-6624adf65b75,,Death at La Fenice (Unabridged Audio Tape),Donna Leon,published/published,false,false,true,0,true,B_PARTIAL,missing_isbn13;missing_description;missing_publisher;missing_page_count;missing_cover
b9c58df6-7fef-42a4-9855-8ddcd7b9c4d9,3df59f9f-fb78-4cba-9054-35503101db7c,,"Death of Faith, the",Donna Leon,published/published,false,false,true,0,true,B_PARTIAL,missing_isbn13;missing_description;missing_publisher;missing_page_count;missing_cover
845365e2-d06e-4918-8383-ba026050de2d,49d166be-41fa-4448-ac42-057df30b125c,,Death of a Salesman,Arthur Miller,published/published,false,false,true,0,true,B_PARTIAL,missing_isbn13;missing_description;missing_publisher;missing_page_count;missing_cover
8083ce3e-9281-4534-94ca-c310bda67895,5fc9ae15-3790-44d4-8607-50e1a8ddf685,,Deception Point,Dan Brown,published/published,false,false,true,0,true,B_PARTIAL,missing_isbn13;missing_description;missing_publisher;missing_page_count;missing_cover
d0961461-4b50-4aee-8f4e-269c2fae9e11,30c7f954-696d-425a-8877-a8a41912447a,,Demian,Hermann Hesse,published/published,false,false,true,0,true,B_PARTIAL,missing_isbn13;missing_description;missing_publisher;missing_page_count;missing_cover
6de5de92-1f0a-4f07-abfd-9832e9266ecd,b611865a-ed94-40af-b6be-79c252c171cd,,Der Proceß,Franz Kafka,published/published,false,false,true,0,true,B_PARTIAL,missing_isbn13;missing_description;missing_publisher;missing_page_count;missing_cover
24cb5b9e-fd24-4899-90fb-8afa36f76f35,2aa7876b-8c3c-47ae-8189-e12869523e0e,,Der Ring Aus Stein,Danielle Steel,published/published,false,false,true,0,true,B_PARTIAL,missing_isbn13;missing_description;missing_publisher;missing_page_count;missing_cover
a8c3d67b-2bd9-4910-9ddb-a55c263ab0a8,dbb22f5f-f6a9-4d3d-a4c0-29fdd64f4cff,,Der Steppenwolf,Hermann Hesse,published/published,false,false,true,0,true,B_PARTIAL,missing_isbn13;missing_description;missing_publisher;missing_page_count;missing_cover
707498d0-8294-4cf8-8a4a-35932b563fc8,a1de521b-866f-4f97-b373-39a9c0031bfd,,Der Zahlenteufel,Hans Magnus Enzensberger,published/published,false,false,true,0,true,B_PARTIAL,missing_isbn13;missing_description;missing_publisher;missing_page_count;missing_cover
e9e0ad39-c030-431d-a182-2471870fd803,b7123352-0234-4727-ae1a-08897deefa42,,Der ehrliche Lügner,Rafik Schami,published/published,false,false,true,0,true,B_PARTIAL,missing_isbn13;missing_description;missing_publisher;missing_page_count;missing_cover
0dd3a9f7-60a4-47b2-9dcd-7cc01b0fa64c,14ebd933-886f-4653-bf1e-4ef6301fed9d,,Diary of a Wimpy Kid,Jeff Kinney,published/published,false,false,true,0,true,B_PARTIAL,missing_isbn13;missing_description;missing_publisher;missing_page_count;missing_cover
5246cc2d-5fcf-4431-917c-c97b496b76ce,9a548483-73a1-4dae-a0a2-2bbaf099b75a,,Diary of a Wimpy Kid Do-It-Yourself Book,Jeff Kinney,published/published,false,false,true,0,true,B_PARTIAL,missing_isbn13;missing_description;missing_publisher;missing_page_count;missing_cover
baa5e8b4-8c92-49c8-a151-7dc18283633b,bdccc6d2-e613-4cff-af4a-0abce3d59d46,,Die Bremer Stadtmusikanten,Gebrüder Grimm [Brothers Grimm],published/published,false,false,true,0,true,B_PARTIAL,missing_isbn13;missing_description;missing_publisher;missing_page_count;missing_cover
469ccce7-d123-4c07-b61e-105ad8c91ff7,a82d6750-e24f-42b0-ab9e-1d2951bf6511,,Digital Fortress,Dan Brown,published/published,false,false,true,0,true,B_PARTIAL,missing_isbn13;missing_description;missing_publisher;missing_page_count;missing_cover
9cbaf03e-d067-437a-9ac0-cc445ef81908,e86d7ac6-ec6c-439e-9d2c-032599abc613,,Dinosaur dream,Dennis Nolan,published/published,false,false,true,0,true,B_PARTIAL,missing_isbn13;missing_description;missing_publisher;missing_page_count;missing_cover
423a50cb-abcf-4493-ba94-c77c4bea6ffd,b638fe9c-b2b8-4676-b8c8-72d00cdc987d,,"Do It for Me, Please!","Jay Vaughn, Soledad Cook, Prahari Mahardika",published/published,false,false,true,0,true,B_PARTIAL,missing_isbn13;missing_description;missing_publisher;missing_page_count;missing_cover
597afadd-f4f0-4765-b022-7a5459aa7f8f,c631c8c4-4fd9-4d2d-a837-9d52f0ea2a1e,,Doctor De Soto,William Steig,published/published,false,false,true,0,true,B_PARTIAL,missing_isbn13;missing_description;missing_publisher;missing_page_count;missing_cover
56ed4415-8fee-4cc8-8690-2599a481a4d0,9372de91-bb51-4edf-af96-ae8a45ab4011,,Doctors,Erich Segal,published/published,false,false,true,0,true,B_PARTIAL,missing_isbn13;missing_description;missing_publisher;missing_page_count;missing_cover
7e04f74f-3783-4536-801b-8f7da03bcf3c,18e0e7ee-5ee3-49c4-90cd-a34f31ac5cbe,,Dracula / Sign of Four,"Anne Collins, Margaret Tarner, Bram Stoker, Arthur Conan Doyle, Maisha Books, Mary Shelley, Robert Louis Stevenson, Bram Storker, M. Bram Stocker, M. Philippe Ballin, Mrs Eve Paul-Margueritte in 1920, Bram Stolker, Bram Stoker, Bram BRAM STOKER, Braum Stoker, BramStoker, Warren Publishing Company, Esis Nem, Mr Bram Stoker, Paper Mill Press Bram Stoker, Tor, Books, and Stoker, Bram, BRAM STOKER, Bram Bram Stoker, Gustavo Aguilera, Classical Comics, Nik Maguire, Moon Dragon, Collectifs, Julio Rodríguez Puértolas, Hutchinson Emily, Period Time Publishing, D. P. Stevens Edition, Bram Stoker (Auteur), Bryan Hunt, A. J. Alexander, Classic Collections, Stoker, Bram, Hughs, William, Stoker, Heinz Widtmann, B. Stoker, Yordi Abreu, Bi Classics, Alex Stewart, Si tuo ke, BRAM STOCKER - E. NOBATI, Tabib Haider, bram stroker, Matthew Corrigan, Bram Stocker, Fernando Fernández, Anna Gasol Trullols, Andrew Struthers, Bram stoker, bram stoker, Bram Bram, HellBound Books Publishing LLC, Christina Widmann",published/published,false,false,true,0,true,B_PARTIAL,missing_isbn13;missing_description;missing_publisher;missing_page_count;missing_cover
4f08069b-464e-4724-9ae7-c376a28e84bd,fcb3309b-aef3-48e1-9602-c8c2e50d424c,,Dream Angus,Alexander McCall Smith,published/published,false,false,true,0,true,B_PARTIAL,missing_isbn13;missing_description;missing_publisher;missing_page_count;missing_cover
12a2c045-9a44-400b-b9f3-8d3345b540db,05eb0881-5a59-4d5d-8ffc-8439405067ba,,Dubliners,James Joyce,published/published,false,false,true,0,true,B_PARTIAL,missing_isbn13;missing_description;missing_publisher;missing_page_count;missing_cover
a889dd6c-d407-42fd-be9d-393159c98920,f6a3aa75-4966-4dad-9892-031bf38cab52,,Ellery Queen's The tragedy of Y,Ellery Queen,published/published,false,false,true,0,true,B_PARTIAL,missing_isbn13;missing_description;missing_publisher;missing_page_count;missing_cover
b82e37ae-96b7-4aa4-9628-b646f111e6de,b6cd6a61-8c6e-4adb-bc20-987106ee6b21,,Elogio de la madrasta,Mario Vargas Llosa,published/published,false,false,true,0,true,B_PARTIAL,missing_isbn13;missing_description;missing_publisher;missing_page_count;missing_cover
c98d3891-4abf-41d1-abd9-49bd108c50b6,53f7eb9a-9052-4b6e-a6ec-2a4a650dc2fb,,En man som heter Ove,Fredrik Backman,published/published,false,false,true,0,true,B_PARTIAL,missing_isbn13;missing_description;missing_publisher;missing_page_count;missing_cover
14074506-a4cf-4c82-991d-f57bf35a8c08,b13d0852-4297-4975-ac27-e5339897e9fc,,Ensaio Sobre a Cegueira,José Saramago,published/published,false,false,true,0,true,B_PARTIAL,missing_isbn13;missing_description;missing_publisher;missing_page_count;missing_cover
e9213e38-1807-43a3-b682-3510329ddaf3,63810166-df02-45ac-ac6c-56fc6d9b59ab,,Ethan Frome,Edith Wharton,published/published,false,false,true,0,true,B_PARTIAL,missing_isbn13;missing_description;missing_publisher;missing_page_count;missing_cover
7294845c-3f25-4aab-b69b-e0b4b507e209,1fb0f432-0635-43b9-a701-f14124273e2e,,Experience and education,John Dewey,published/published,false,false,true,0,true,B_PARTIAL,missing_isbn13;missing_description;missing_publisher;missing_page_count;missing_cover
e2dc0ab5-4fd1-432d-8923-f10981513e2e,acc9ee18-54fd-47b0-9f92-51785e2037f4,,Fairy Tales and Stories,Hans Christian Andersen,published/published,false,false,true,0,true,B_PARTIAL,missing_isbn13;missing_description;missing_publisher;missing_page_count;missing_cover
781194a9-b69b-4bb9-a77f-c51fd1f9e158,2ae09d9a-0b87-41c2-a64f-b2f7eebdd6d6,,Farewell to Love,Jessica Steele,published/published,false,false,true,0,true,B_PARTIAL,missing_isbn13;missing_description;missing_publisher;missing_page_count;missing_cover
62013c88-a1b2-45aa-a9b1-35bf23573e4c,778e6abd-fc67-43c3-9216-3862d873597c,,Faserland,Christian Kracht,published/published,false,false,true,0,true,B_PARTIAL,missing_isbn13;missing_description;missing_publisher;missing_page_count;missing_cover
6e32d7fa-d132-4ebc-8d62-3e44944abfe1,6898a342-9d66-4613-b0f5-05d21abdf03c,,Fatta Eld,Suzanne Collins,published/published,false,false,true,0,true,B_PARTIAL,missing_isbn13;missing_description;missing_publisher;missing_page_count;missing_cover
12fd4bc7-4683-44ff-a5e6-dab3a4bdc378,939b30a7-c87b-4f61-ab13-8f1dab60f31f,,Fifty Shades Darker,E. L. James,published/published,false,false,true,0,true,B_PARTIAL,missing_isbn13;missing_description;missing_publisher;missing_page_count;missing_cover
c413c965-7ca9-4398-8f75-d46f4dcd3d74,62abe7e8-fe7a-4fe2-9e63-e9d84a495eda,,Fifty Shades Freed,E. L. James,published/published,false,false,true,0,true,B_PARTIAL,missing_isbn13;missing_description;missing_publisher;missing_page_count;missing_cover
d50d19ba-ff19-42bd-b55e-97595122d05e,4310b823-59bb-4595-9789-ef151f6dbe72,,First phone call from heaven,Mitch Albom,published/published,false,false,true,0,true,B_PARTIAL,missing_isbn13;missing_description;missing_publisher;missing_page_count;missing_cover
c959cbd8-9bbf-44b7-bc1d-eeeadc4af99a,1e4b1470-9d21-49bc-962b-894fccc2f806,,Flappers and Philosophers,F. Scott Fitzgerald,published/published,false,false,true,0,true,B_PARTIAL,missing_isbn13;missing_description;missing_publisher;missing_page_count;missing_cover
d1e26ebd-d2be-4b12-9b02-705bea5ec089,544613ac-a9bd-4621-b9d4-2ee5a6dde67a,,Flatland,Edwin Abbott Abbott,published/published,false,false,true,0,true,B_PARTIAL,missing_isbn13;missing_description;missing_publisher;missing_page_count;missing_cover
c9b9c134-81d2-435f-89db-738a1ce41e16,b39da6b5-571d-4a21-a3ad-526da590a156,,Fog magic,Julia L. Sauer,published/published,false,false,true,0,true,B_PARTIAL,missing_isbn13;missing_description;missing_publisher;missing_page_count;missing_cover
b0842e15-f11a-4ea9-a0a3-6ae603c61841,9c67b0fd-e2b5-463c-9937-2361fafc4863,,For Whom the Bell Tolls,Ernest Hemingway,published/published,false,false,true,0,true,B_PARTIAL,missing_isbn13;missing_description;missing_publisher;missing_page_count;missing_cover
ad4c809e-01be-454b-974d-8ebcf52996ad,0e17eb86-177f-4f47-8274-93205de8929c,,Foundation,Isaac Asimov,published/published,false,false,true,0,true,B_PARTIAL,missing_isbn13;missing_description;missing_publisher;missing_page_count;missing_cover
78a946a3-6fd7-490c-8441-a691edcfd89d,e0cdfeec-04d5-4fdc-9c77-4f2372634022,,Frog and Toad All Year,Arnold Lobel,published/published,false,false,true,0,true,B_PARTIAL,missing_isbn13;missing_description;missing_publisher;missing_page_count;missing_cover
68187cdb-15a5-4919-854e-9c8417e1a023,1541710e-92eb-4d94-bf9a-f15a7a4f2bf9,,Frog and Toad Together,Arnold Lobel,published/published,false,false,true,0,true,B_PARTIAL,missing_isbn13;missing_description;missing_publisher;missing_page_count;missing_cover
73978887-69d5-4bb9-94f9-d9626377d5de,0d6269c2-3285-4971-9893-8eb99950963f,,Fuente Ovejuna,Lope de Vega,published/published,false,false,true,0,true,B_PARTIAL,missing_isbn13;missing_description;missing_publisher;missing_page_count;missing_cover
3370648a-8346-4fca-b36a-46952a387c82,73142600-7e14-463a-afd8-66cd3ffe9ccf,,Full Circle,Danielle Steel,published/published,false,false,true,0,true,B_PARTIAL,missing_isbn13;missing_description;missing_publisher;missing_page_count;missing_cover
0dc12947-2ba6-458c-a489-4aeea928c72f,25e19544-3ea4-4bbc-9a4b-201940450ccf,,"Gabriela, Cravo e Canela",Jorge Leal Amado de Faria,published/published,false,false,true,0,true,B_PARTIAL,missing_isbn13;missing_description;missing_publisher;missing_page_count;missing_cover
fc7fb046-af70-4486-a371-92cda04e0111,875d18f5-ed7f-41a1-bff8-dd2ebb7e8155,,Gangsta Granny,David Walliams,published/published,false,false,true,0,true,B_PARTIAL,missing_isbn13;missing_description;missing_publisher;missing_page_count;missing_cover
08466f65-fd69-4f3c-a0a6-cf8573279f0c,359b2569-08cd-4612-b898-63cf43bc6762,,Gentlemen of the road,Michael Chabon,published/published,false,false,true,0,true,B_PARTIAL,missing_isbn13;missing_description;missing_publisher;missing_page_count;missing_cover
29b9aba6-985b-4f65-bb7a-c24347d6bf06,6868e85c-a696-432b-9888-05e29c6453ef,,George's Secret Key to the Universe,"Stephen Hawking, Lucy Hawking, Hugh Dancy",published/published,false,false,true,0,true,B_PARTIAL,missing_isbn13;missing_description;missing_publisher;missing_page_count;missing_cover
48e3524b-fdbc-42a9-90ee-44fdbe4d869b,f9d7762d-ed81-4a08-acd0-5fc49188ede5,,Gold,Isaac Asimov,published/published,false,false,true,0,true,B_PARTIAL,missing_isbn13;missing_description;missing_publisher;missing_page_count;missing_cover
eef2e498-9f87-4296-bb7a-42e7b6ef0804,891c8d75-0cf6-4c8f-8c58-062791e65c9a,,Gone With the Wind,"Margaret Mitchell, Margaret Mitchell, Mitchell, Margaret, Margaret, Margaret Margaret Mitchell, 戴侃, 李野光, 庄绎传, Margaret MItchell, margaret mitchel, MARGARET MITCHELL, Margaret Mitchell, Margaret Michell, Margaret Mitchell's",published/published,false,false,true,0,true,B_PARTIAL,missing_isbn13;missing_description;missing_publisher;missing_page_count;missing_cover
238a6da7-281a-4648-a4e5-02e6e99897ca,d0c9d354-486a-4af7-978f-f03b8846cdb5,,Gone for Good,Harlan Coben,published/published,false,false,true,0,true,B_PARTIAL,missing_isbn13;missing_description;missing_publisher;missing_page_count;missing_cover
60271ede-4582-4d8e-a54a-a3cecaa86941,e694f50c-658d-4d48-8ed8-25aa97f502f1,,Grandmother Winter,Phyllis Root,published/published,false,false,true,0,true,B_PARTIAL,missing_isbn13;missing_description;missing_publisher;missing_page_count;missing_cover
15d6fbd6-9c28-482d-929d-261e4f23f5d4,b2408ae8-447d-429d-b796-a140d9d5176b,,Gray Mountain,John Grisham,published/published,false,false,true,0,true,B_PARTIAL,missing_isbn13;missing_description;missing_publisher;missing_page_count;missing_cover
6397bd29-8d7e-4d1b-9539-37924fe26c99,f187c2a6-92e6-4818-920b-b79e49eef8e0,,Great Gatsby,F. Scott Fitzgerald,published/published,false,false,true,0,true,B_PARTIAL,missing_isbn13;missing_description;missing_publisher;missing_page_count;missing_cover
65826bd0-f32e-4fc4-8b7e-3530970023a8,97d1a5f3-3369-4fc4-91bb-a9588a4f6fb4,,Green angel,Alice Hoffman,published/published,false,false,true,0,true,B_PARTIAL,missing_isbn13;missing_description;missing_publisher;missing_page_count;missing_cover
594b9512-f283-4c92-8039-d9363f658fda,3e0ba440-614d-4166-bc52-4b6134725dc5,,Guess How Much I Love You,"Sam McBratney, Anita Jeram",published/published,false,false,true,0,true,B_PARTIAL,missing_isbn13;missing_description;missing_publisher;missing_page_count;missing_cover
5113d89d-bfe6-45e2-938d-af7d6bceb736,3d47dc22-f6c8-4bc2-80b6-2720ce17de3d,,Gulliver's Travels,Jonathan Swift,published/published,false,false,true,0,true,B_PARTIAL,missing_isbn13;missing_description;missing_publisher;missing_page_count;missing_cover
4bc3d6cf-dee1-4d8d-a720-76d3450091cc,a53d9fe2-ec93-400b-bbb8-e3eb2c9eb36e,,Haendŭmeidŭ p'iksyŏn,Hyŏng-sŏ Pak,published/published,false,false,true,0,true,B_PARTIAL,missing_isbn13;missing_description;missing_publisher;missing_page_count;missing_cover
a370d9fb-2489-49c1-b3e1-fc13e0ffb420,5f035665-dbfd-404f-8fa9-b82e8d8db426,,Hamnet,Maggie O'Farrell,published/published,false,false,true,0,true,B_PARTIAL,missing_isbn13;missing_description;missing_publisher;missing_page_count;missing_cover
910b11ca-4a13-4f4a-b92a-68b2e33913ad,3122aabe-9288-4f57-8835-66db6d37e1a4,,Han'guk ch'angjak SF ŭi kŏŭi modŭn kŏt,Sang-jun Pak,published/published,false,false,true,0,true,B_PARTIAL,missing_isbn13;missing_description;missing_publisher;missing_page_count;missing_cover
e39737c4-8c34-48a3-b759-c5e5a2485925,ea00c822-e650-4125-961e-44ef9c1128d5,,Han'guk hyŏndae sosŏl kwa t'algŭndaejŏk chonjae sihak,Wŏn-hŭi Kim,published/published,false,false,true,0,true,B_PARTIAL,missing_isbn13;missing_description;missing_publisher;missing_page_count;missing_cover
0df8d29b-cbf8-4a07-9919-a7732d095bcd,6ec1ea76-bd22-40b7-a5e5-910618aa0c5d,,Han'guk hyŏndae sosŏl ŭi munhak pŏmnihakchŏk yŏn'gu,Kyŏng-su Kim,published/published,false,false,true,0,true,B_PARTIAL,missing_isbn13;missing_description;missing_publisher;missing_page_count;missing_cover
4a37e9d8-b099-4edf-9e39-0caacfb13b5a,fbc06498-8b4f-4897-8c89-b43b2bcbf2f6,,Han'guk hyŏndae sosŏl ŭi sihak,Chong-gu Kim,published/published,false,false,true,0,true,B_PARTIAL,missing_isbn13;missing_description;missing_publisher;missing_page_count;missing_cover
d7767370-8fbf-4b43-a8e2-21764b88f040,76865d7d-b3d2-4b58-aa24-26e45d19f7b6,,Han'guk kŭndae Hanmunch'e sosŏl yŏn'gu,Sŏng-nyong Yun,published/published,false,false,true,0,true,B_PARTIAL,missing_isbn13;missing_description;missing_publisher;missing_page_count;missing_cover
4748a624-2b72-48b5-9b74-1de1d8fc7e74,1ddc7d07-2cd5-47c4-8564-55aa512010ce,,Hanʼguk kŭndae sosŏl e natʻanan ideollogi,Sang-mu Han,published/published,false,false,true,0,true,B_PARTIAL,missing_isbn13;missing_description;missing_publisher;missing_page_count;missing_cover
31ae35cc-f47b-43eb-af9b-34e1e187b6f5,cf160b97-4bc0-4d9c-b78c-5e51933d468a,,Hanʼguk kŭndae sosŏl yŏnʼgu,In-hwan Ku,published/published,false,false,true,0,true,B_PARTIAL,missing_isbn13;missing_description;missing_publisher;missing_page_count;missing_cover
81cfc09b-6259-45dc-b6a1-d26b96b88954,3e8cd3b2-88b5-4a8d-b830-97094e20f4db,,Hanʼguk muhyŏp sosŏl ŭi chakka wa chakpʻum,Hyŏng-jun Chŏn,published/published,false,false,true,0,true,B_PARTIAL,missing_isbn13;missing_description;missing_publisher;missing_page_count;missing_cover
01e3e877-5e80-48e3-a3b3-79635145afa3,ecf0be5c-4ab3-4b37-8cb0-3a38acdf64ab,,"Hanʼguk munhak, taejung munhak, munhwa kʻontʻenchʻŭ",Sŏng-myŏn Cho,published/published,false,false,true,0,true,B_PARTIAL,missing_isbn13;missing_description;missing_publisher;missing_page_count;missing_cover
fb430130-33e5-4db3-9ab7-62dba819e4d1,c3abf09f-0fd4-4c0d-9bec-2073fe52bebb,,Hanʼguk sosŏl ŭi kibŏpchŏk tʻŭkchŭng kwa munhak kyojae sŏnjŏngsang ŭi munje,Sang-mu Han,published/published,false,false,true,0,true,B_PARTIAL,missing_isbn13;missing_description;missing_publisher;missing_page_count;missing_cover
ac270eee-e928-423c-9cdb-aac00fb104bc,86121137-809d-47ed-bc1e-58e373689320,,Hanʼguk sosŏl ŭi munchʻeronjŏk yŏnʼgu,Ch'ang-nok Ch'oe,published/published,false,false,true,0,true,B_PARTIAL,missing_isbn13;missing_description;missing_publisher;missing_page_count;missing_cover
eea98ed2-24b9-4809-9c0e-1864d5702225,8c605790-f7ce-4ab7-8ec1-0959c6e7151f,,Hanʾguk Hanmun sosŏl kyohap kuhae =,Hŭi-byŏng Pak,published/published,false,false,true,0,true,B_PARTIAL,missing_isbn13;missing_description;missing_publisher;missing_page_count;missing_cover
6ee020ee-4a8f-4095-98a7-860b0bc867ea,866f0552-18b2-4191-a67e-34ee8e07d701,,Hanʾguk hyŏndae sosŏl ŭi pipʻyŏngjŏk sŏngchʻal,In-hwan Ku,published/published,false,false,true,0,true,B_PARTIAL,missing_isbn13;missing_description;missing_publisher;missing_page_count;missing_cover
dfb2b8fb-e611-49c7-86f7-16cb345106cb,93247d23-9e6c-41a4-a89d-5bb15f422001,,Hanʾguk kŭndae sosŏl kwa ideollogi =,Sang-mu Han,published/published,false,false,true,0,true,B_PARTIAL,missing_isbn13;missing_description;missing_publisher;missing_page_count;missing_cover
8abbda7d-cd51-44e0-a6b4-5486a82a6b25,8c67600f-cf2b-4b69-ad10-b0fbe4b8cafb,,Hanʾguk kŭndae sosŏl ŭi inyŏm kwa yulli =,Wŏn-hyŏn Chʻa,published/published,false,false,true,0,true,B_PARTIAL,missing_isbn13;missing_description;missing_publisher;missing_page_count;missing_cover
a0769e43-d19b-425e-a3d9-7821d08bb0e3,a3369486-f593-4c74-a4be-298b433aea61,,Hanʾguk sosŏl ŭi Kidokkyo ŭisik yŏnʾgu,"Kim, Pong-gun",published/published,false,false,true,0,true,B_PARTIAL,missing_isbn13;missing_description;missing_publisher;missing_page_count;missing_cover
608ab2c1-22c4-4f86-b351-109e2c0f2d1e,c4cb728a-77de-4ad7-a93a-3cde59f36839,,Hanʾguk yet sosŏllon =,Hyŏn-gyŏng Sŏng,published/published,false,false,true,0,true,B_PARTIAL,missing_isbn13;missing_description;missing_publisher;missing_page_count;missing_cover
dac6d86a-d47e-4902-98a4-21db3ca89d7b,9f8566d8-65ef-4e5d-97b3-3aae3b26b28d,,Harry Potter and the Chamber of Secrets,J. K. Rowling,published/published,false,false,true,0,true,B_PARTIAL,missing_isbn13;missing_description;missing_publisher;missing_page_count;missing_cover
488d7c16-6e85-4d6c-834e-efcbaf0547f8,74fc33fb-da93-4d6e-b390-84adbdb68f37,,Harry Potter and the Goblet of Fire,J. K. Rowling,published/published,false,false,true,0,true,B_PARTIAL,missing_isbn13;missing_description;missing_publisher;missing_page_count;missing_cover
38c61c56-1535-4d73-918c-92bdf7d9f010,34e96d2a-71f8-4bfc-9272-0ef96cede571,,Harry Potter and the Order of the Phoenix,J. K. Rowling,published/published,false,false,true,0,true,B_PARTIAL,missing_isbn13;missing_description;missing_publisher;missing_page_count;missing_cover
e6e4c22f-356e-4506-a9d2-f3e24aafac8e,4e16e5db-12a3-4050-ae3b-b0692dcb6f3f,,Harry Potter and the Philosopher's Stone,J. K. Rowling,published/published,false,false,true,0,true,B_PARTIAL,missing_isbn13;missing_description;missing_publisher;missing_page_count;missing_cover
62431f6b-c22d-4276-94d2-9f5cac2d474c,d887db2f-8205-4796-8344-62c98b7bb5b5,,Harry Potter and the Prisoner of Azkaban,J. K. Rowling,published/published,false,false,true,0,true,B_PARTIAL,missing_isbn13;missing_description;missing_publisher;missing_page_count;missing_cover
bcfac9e9-22e2-4615-ad75-d4a5f9727675,ca6e8407-83ef-4d2d-ac3d-87fb8c7867a3,,"Head, Shoulders, Knees and Toes","Skye Silver, Mariana Ruiz Johnson, Chris Mears",published/published,false,false,true,0,true,B_PARTIAL,missing_isbn13;missing_description;missing_publisher;missing_page_count;missing_cover
0878fddf-efc1-44f8-acbe-293548357d91,be5fe864-4490-4188-9ca8-640bf248115b,,Headlong,Michael Frayn,published/published,false,false,true,0,true,B_PARTIAL,missing_isbn13;missing_description;missing_publisher;missing_page_count;missing_cover
b9c15d4e-5878-461b-bc8c-34567bf73a89,1e47e88e-ebc6-400c-8e82-0884caa80389,,Heidi,"Spyri, Johanna",published/published,false,false,true,0,true,B_PARTIAL,missing_isbn13;missing_description;missing_publisher;missing_page_count;missing_cover
9b57f7df-d64e-4967-85dd-dc5d2010242b,fa14f835-9ad8-4074-a6c6-ebc1c0933ba6,,Hiob,Joseph Roth,published/published,false,false,true,0,true,B_PARTIAL,missing_isbn13;missing_description;missing_publisher;missing_page_count;missing_cover
c5c34fee-cccf-453f-b781-c307a293d046,915ec9d1-0cf2-4c0f-a625-116272014880,,"Honpul, ŏnŏ, munhwa, konggan ŭl ikta","Kim, Su-yŏn (Researcher of modern Korean fiction)",published/published,false,false,true,0,true,B_PARTIAL,missing_isbn13;missing_description;missing_publisher;missing_page_count;missing_cover
71c3199f-24cd-464f-95e9-c7f7f71c586c,09fa5386-2eba-4255-9a5e-95f5897dd4e0,,House of secrets,Chris Columbus,published/published,false,false,true,0,true,B_PARTIAL,missing_isbn13;missing_description;missing_publisher;missing_page_count;missing_cover
50368d47-54f3-4ec5-a60f-332441b2929d,d12fc219-2544-40f3-875d-af21127b655c,,How to steal a dog,Barbara O'Connor,published/published,false,false,true,0,true,B_PARTIAL,missing_isbn13;missing_description;missing_publisher;missing_page_count;missing_cover
234a5983-9645-40fe-9fb6-afbd8557fd37,99080045-33ea-4988-8c6b-5f05ffe584a3,,Humphrey's Bear,Jan Wahl,published/published,false,false,true,0,true,B_PARTIAL,missing_isbn13;missing_description;missing_publisher;missing_page_count;missing_cover
f03a5840-3667-4a17-a6dd-e1344fedc567,be74d01a-ca77-42b6-a977-193a98074617,,I Spy Christmas,"Walter Wick, Jean Marzollo",published/published,false,false,true,0,true,B_PARTIAL,missing_isbn13;missing_description;missing_publisher;missing_page_count;missing_cover
0278a44b-7904-46f5-8735-43ac611ae22b,d51d4518-8f51-45d3-a3a2-49c5f97cf3b3,,Ich werde hier sein im Sonnenschein und im Schatten,Christian Kracht,published/published,false,false,true,0,true,B_PARTIAL,missing_isbn13;missing_description;missing_publisher;missing_page_count;missing_cover
f3c86146-eb4d-49c7-9db8-8ef696f27550,8978542c-011d-4d7d-b474-9070d23a7b3a,,If You Give a Dog a Donut,Laura Joffe Numeroff,published/published,false,false,true,0,true,B_PARTIAL,missing_isbn13;missing_description;missing_publisher;missing_page_count;missing_cover
b5180720-bbb9-4299-86ec-39feef680af9,7145d09f-1639-46a5-8e77-cff89165e98b,,If..,"Perry, Sarah.",published/published,false,false,true,0,true,B_PARTIAL,missing_isbn13;missing_description;missing_publisher;missing_page_count;missing_cover
bde25f92-a89c-46ae-8df5-eb3b33861a5b,9b552e98-c272-444c-b9c1-3293174dd926,,Ilbon modŏnijŭm sosŏl yŏn'gu,In-suk Kang,published/published,false,false,true,0,true,B_PARTIAL,missing_isbn13;missing_description;missing_publisher;missing_page_count;missing_cover
33a4677d-9b37-4064-87bb-6d051ba118db,2aa42c68-f917-42e4-bb4e-eeee1cc5fd76,,Imagine,Alison Lester,published/published,false,false,true,0,true,B_PARTIAL,missing_isbn13;missing_description;missing_publisher;missing_page_count;missing_cover
dc68840b-23bc-442e-b6a4-4d4323540ece,6ca34e92-b14d-4881-9217-b0ea9b11a132,,Impératrice,Shan Sa,published/published,false,false,true,0,true,B_PARTIAL,missing_isbn13;missing_description;missing_publisher;missing_page_count;missing_cover
fb308a1b-1a5c-4f6d-907d-5ea37225396b,cc7fa10a-12dd-4cdc-ae19-e290a20568bd,,In Catilinam,"Cicero, Amélie Nothomb, Ramón Roca-Puig, Marcus Tullius Cicero",published/published,false,false,true,0,true,B_PARTIAL,missing_isbn13;missing_description;missing_publisher;missing_page_count;missing_cover
c35a4937-c2a6-4e93-a0d2-e50baac109f0,4a33fad6-0a9e-43fd-909d-955eee4914a4,,In the Country of Last Things,Paul Auster,published/published,false,false,true,0,true,B_PARTIAL,missing_isbn13;missing_description;missing_publisher;missing_page_count;missing_cover
f0783191-7426-40e6-a66f-46306b66765f,fa613865-1e2b-490c-afac-cfbf299c3648,,In the Night Kitchen,Maurice Sendak,published/published,false,false,true,0,true,B_PARTIAL,missing_isbn13;missing_description;missing_publisher;missing_page_count;missing_cover
334bbf00-cb71-46dd-8abc-291c6c7b4923,c602f0ad-910c-4c3e-9a2b-5c02088d9e08,,Inferno,Dan Brown,published/published,false,false,true,0,true,B_PARTIAL,missing_isbn13;missing_description;missing_publisher;missing_page_count;missing_cover
82df3e7b-9968-40d5-9e82-7df22cc13a9d,e11b9598-e4bd-427f-8d96-3b025e322a9c,,Inhŏga ŭije chedo e kwanhan pŏpche yŏnʼgu,Yŏng-sŏn Song,published/published,false,false,true,0,true,B_PARTIAL,missing_isbn13;missing_description;missing_publisher;missing_page_count;missing_cover
8298fa55-f14b-48d8-9052-61358787af6b,cb66a096-99e3-407f-9e04-07c76125b66e,,Into the Wild,Erin Hunter,published/published,false,false,true,0,true,B_PARTIAL,missing_isbn13;missing_description;missing_publisher;missing_page_count;missing_cover
6e73135a-549b-4933-bc4a-5ef28e9f4fa6,cc0f6b3e-2b4a-4e77-a6f1-09676c828c33,,Ironweed,"Kennedy, William",published/published,false,false,true,0,true,B_PARTIAL,missing_isbn13;missing_description;missing_publisher;missing_page_count;missing_cover
29b93b59-3645-40d8-b0a3-ac7b305e8e6e,c38df5dc-32a4-4a0f-a723-debe1bcd7274,,It Ends With Us,Colleen Hoover,published/published,false,false,true,0,true,B_PARTIAL,missing_isbn13;missing_description;missing_publisher;missing_page_count;missing_cover
47820e63-8572-401d-ad78-143fb96f9211,d701e41c-364e-4dd1-8ad1-9ecb3e918f02,,Iyagi wa sosŏl,Ho-gyu Yi,published/published,false,false,true,0,true,B_PARTIAL,missing_isbn13;missing_description;missing_publisher;missing_page_count;missing_cover
093d732f-ff1b-4806-8f72-e8d2e4c4b020,4e5a1b1e-3765-4965-80ce-27fa75ef3e9a,,JR上野駅公園口,柳美里,published/published,false,false,true,0,true,B_PARTIAL,missing_isbn13;missing_description;missing_publisher;missing_page_count;missing_cover
a730476f-3d06-473a-9007-fa985fbfb5e1,291d9bfd-ae02-4b97-bebd-f73c35a0831c,,Jag vill också gå i skolan,Astrid Lindgren,published/published,false,false,true,0,true,B_PARTIAL,missing_isbn13;missing_description;missing_publisher;missing_page_count;missing_cover
4d6650f9-75b6-4a27-9f7a-9a60af7ca502,3d2c359d-3bfd-4ae3-be04-6fb25a13ba28,,Jane Eyre,"Charlotte Brontë, Naunerle C. Farr",published/published,false,false,true,0,true,B_PARTIAL,missing_isbn13;missing_description;missing_publisher;missing_page_count;missing_cover
8a8a7698-e810-42a9-8b2d-9914099863bf,e069aa39-9dd5-4f14-88cf-f215ee39fbc3,,Jin Ping Mei ci hua,Xiaoxiaosheng.,published/published,false,false,true,0,true,B_PARTIAL,missing_isbn13;missing_description;missing_publisher;missing_page_count;missing_cover
1a3858f0-aaa5-4d64-a7bd-32b3ef3b22ba,671a44a2-7e94-4ae7-a5a4-7e35e6677e86,,Jonathan Livingston Le Goeland,"Richard Bach, Russell Munson, Antonio Ramos Rosa, Richard Bach, richard bach, Russell Munson, Rīmah Ḥusayn",published/published,false,false,true,0,true,B_PARTIAL,missing_isbn13;missing_description;missing_publisher;missing_page_count;missing_cover
04f455c7-4a78-4e47-9320-892556dab42b,bb969d9a-201f-4d88-880a-a02b50ace9c7,,Joyland,"Stephen King, Michael Kelly.",published/published,false,false,true,0,true,B_PARTIAL,missing_isbn13;missing_description;missing_publisher;missing_page_count;missing_cover
12ce3ddf-b579-49f6-ae71-d56f413d1032,fe3e475d-b338-463a-86c7-4663522ff3e1,,Jude the Obscure,Thomas Hardy,published/published,false,false,true,0,true,B_PARTIAL,missing_isbn13;missing_description;missing_publisher;missing_page_count;missing_cover
62434baa-85b1-4819-9e98-0be8804e7657,f18bea50-764d-47e0-8ef5-0ef9fa6994ba,,Kitten's first full moon,Kevin Henkes,published/published,false,false,true,0,true,B_PARTIAL,missing_isbn13;missing_description;missing_publisher;missing_page_count;missing_cover
231a268c-630a-4401-ae2a-f1ece41223d2,7aff02fc-25e1-4dab-9bca-24354567a7ab,,"Kleiner Eisbär, komm bald wieder!",Hans De Beer,published/published,false,false,true,0,true,B_PARTIAL,missing_isbn13;missing_description;missing_publisher;missing_page_count;missing_cover
8ed7aecf-602b-46da-950f-a6e8b83a952f,96ef2fea-942d-4c35-814b-f1ca26a78400,,Ko sosŏl ŭi yŏsŏngjuŭijŏk yŏnʾgu,Yŏn-suk Kim,published/published,false,false,true,0,true,B_PARTIAL,missing_isbn13;missing_description;missing_publisher;missing_page_count;missing_cover
61d752c4-1b2d-4395-9ac9-c08475913a72,ea36795d-3f13-47ce-be7f-429b968b11ad,,Kobal kwa yŏllu,"Yi, Sŏk-ku (Professor of English literature)",published/published,false,false,true,0,true,B_PARTIAL,missing_isbn13;missing_description;missing_publisher;missing_page_count;missing_cover
2e83d47e-cf52-4977-ab3b-84a7a1a48ae7,d2ee3818-7a43-46c3-b629-ca64a0af2924,,Korean language adult fiction and non-fiction rentals collection,,published/published,false,false,true,0,true,B_PARTIAL,missing_isbn13;missing_author;missing_description;missing_publisher;missing_page_count;missing_cover
6ff895aa-496e-4139-9860-46d091cfa247,5e03f08b-b91f-4db0-9500-ff82f6763804,,Korean language childrens fiction and non-fiction rentals collection,,published/published,false,false,true,0,true,B_PARTIAL,missing_isbn13;missing_author;missing_description;missing_publisher;missing_page_count;missing_cover
f0664590-4b48-4023-8b30-47ff70e1ccb2,868eb270-042f-432d-bb22-8a71995357a7,,Koryŏ ŭi ki wa hon ŭl chʻajasŏ,Yŏng-jo Pak,published/published,false,false,true,0,true,B_PARTIAL,missing_isbn13;missing_description;missing_publisher;missing_page_count;missing_cover
e714c08b-e826-4543-83b8-c3e3fb6a0208,1d2db006-5b03-4698-a370-18d8f2df4522,,Kŭndae sinch'un munye tangsŏn tanp'yŏn sosŏl,Tong-ho Son,published/published,false,false,true,0,true,B_PARTIAL,missing_isbn13;missing_description;missing_publisher;missing_page_count;missing_cover
d66a013f-5755-4423-a5f4-2e347a5c777c,f0d72cf2-a90e-4480-9123-b4094104f5cf,,L'Inconnue de la Seine,Guillaume Musso,published/published,false,false,true,0,true,B_PARTIAL,missing_isbn13;missing_description;missing_publisher;missing_page_count;missing_cover
29e1f437-383c-45db-8010-71d6aca7c997,747ee5b1-14aa-4917-b453-65362d2c81df,,La Divina Commedia,Dante Alighieri,published/published,false,false,true,0,true,B_PARTIAL,missing_isbn13;missing_description;missing_publisher;missing_page_count;missing_cover
9f86b5cb-1828-463b-ba20-862d53881296,854a238e-5398-4cea-94a9-80301adf1076,,La belle et la bête,Gabrielle-Suzanne de Villeneuve,published/published,false,false,true,0,true,B_PARTIAL,missing_isbn13;missing_description;missing_publisher;missing_page_count;missing_cover
aa3beca8-1496-4061-8ede-48b7349a8783,24e37609-c139-4f31-80d1-9ea9ad65f2b3,,La ciudad y los perros,Mario Vargas Llosa,published/published,false,false,true,0,true,B_PARTIAL,missing_isbn13;missing_description;missing_publisher;missing_page_count;missing_cover
adabee85-9a3f-431e-b950-dc9c60b09d98,7dfd7250-1e0c-4b3c-979d-2eb166b0042d,,La gitanilla,Miguel de Cervantes Saavedra,published/published,false,false,true,0,true,B_PARTIAL,missing_isbn13;missing_description;missing_publisher;missing_page_count;missing_cover
de83797f-8999-423d-896e-c0bc662618e5,b8fb20d3-b8ef-4a5c-a7e3-e2955f7b4a57,,La tabla de Flandes,Arturo Pérez-Reverte,published/published,false,false,true,0,true,B_PARTIAL,missing_isbn13;missing_description;missing_publisher;missing_page_count;missing_cover
b27a42d5-0ae2-46a5-b5ae-0ea6cccb7884,fcb2ef38-123c-44f8-a2dd-823c568e0b0e,,La verdad sobre el caso Savolta,Eduardo Mendoza,published/published,false,false,true,0,true,B_PARTIAL,missing_isbn13;missing_description;missing_publisher;missing_page_count;missing_cover
a61d5f9d-dfe3-4c51-84c3-100f1192e96f,94d67287-3e58-44df-8297-afcddd8cee66,,Le Magasin des Suicides,Jean Teulé,published/published,false,false,true,0,true,B_PARTIAL,missing_isbn13;missing_description;missing_publisher;missing_page_count;missing_cover
1c78cd54-5762-4e7a-8e28-080a144dd998,e25059e0-11f4-4d37-aa7c-6f0db01976f1,,Le Tour du Monde en Quatre-Vingts Jours,Jules Verne,published/published,false,false,true,0,true,B_PARTIAL,missing_isbn13;missing_description;missing_publisher;missing_page_count;missing_cover
db4cdf14-4157-4d28-aae9-807d4055063e,08456713-422e-4efd-a9e6-be1fa3f5d487,,Le coup de grâce,Marguerite Yourcenar,published/published,false,false,true,0,true,B_PARTIAL,missing_isbn13;missing_description;missing_publisher;missing_page_count;missing_cover
80f7cc2c-6efe-46a0-8717-6d507306213e,b1ad2de3-3d4d-474f-9650-d89e69e9d79e,,Le fait du prince,Amélie Nothomb,published/published,false,false,true,0,true,B_PARTIAL,missing_isbn13;missing_description;missing_publisher;missing_page_count;missing_cover
00d3b3c6-8389-4122-ab7b-d9411a144b1a,173db00e-60e6-4b27-8e45-85bae7363847,,Le petit prince,Antoine de Saint-Exupéry,published/published,false,false,true,0,true,B_PARTIAL,missing_isbn13;missing_description;missing_publisher;missing_page_count;missing_cover
66e3ab91-4791-4bff-baf7-56e0f16aef82,9515d9eb-bdcf-49a0-93eb-16382a323562,,Les testaments trahis,Milan Kundera,published/published,false,false,true,0,true,B_PARTIAL,missing_isbn13;missing_description;missing_publisher;missing_page_count;missing_cover
d03cdb9b-5531-4908-af4a-cdbbad41b5dc,8f232606-1b38-4e6a-8561-58dbd4ee956b,,Leviathan,Paul Auster,published/published,false,false,true,0,true,B_PARTIAL,missing_isbn13;missing_description;missing_publisher;missing_page_count;missing_cover
8bd1a95a-c8d4-4afa-9250-74bdbd4d2ad0,f49a0d69-a7c7-422a-89e2-887c16a5762c,,Liberty bar,Georges Simenon,published/published,false,false,true,0,true,B_PARTIAL,missing_isbn13;missing_description;missing_publisher;missing_page_count;missing_cover
a17812b7-f416-445e-bd08-45b9ac9916dd,848df6e4-9d75-49c2-b094-f4663a00ed22,,Life of Pi,Yann Martel,published/published,false,false,true,0,true,B_PARTIAL,missing_isbn13;missing_description;missing_publisher;missing_page_count;missing_cover
2ed3be8d-bb86-43f3-814a-2e92f8368507,9b3b8d89-dad7-42be-8934-afc3d9824e24,,Lilly's Purple Plastic Purse,Kevin Henkes,published/published,false,false,true,0,true,B_PARTIAL,missing_isbn13;missing_description;missing_publisher;missing_page_count;missing_cover
5f6a5d7a-3640-4cb9-8e4d-afe7d349844b,2d9be6c7-c00c-4179-8442-1708300f81be,,Lima's Red Hot Chilli,"David Mills, David Mills",published/published,false,false,true,0,true,B_PARTIAL,missing_isbn13;missing_description;missing_publisher;missing_page_count;missing_cover
e302015e-01b0-4fc7-a67f-577622bc7fa0,4e129cc3-52f1-4307-91e5-20244e7df388,,Little House in the Big Woods,Laura Ingalls Wilder,published/published,false,false,true,0,true,B_PARTIAL,missing_isbn13;missing_description;missing_publisher;missing_page_count;missing_cover
0baf7417-3e22-4edb-ae6c-07a5ca45b01f,5a693d6d-8f6b-44a9-bd3d-39217fe0cf62,,Little House on the Prairie,Laura Ingalls Wilder,published/published,false,false,true,0,true,B_PARTIAL,missing_isbn13;missing_description;missing_publisher;missing_page_count;missing_cover
a8d4b328-2c75-4649-ae00-23510c754524,f0dcd34c-c6d9-4c47-a35a-9f26a064ef0b,,Little Women,Louisa May Alcott,published/published,false,false,true,0,true,B_PARTIAL,missing_isbn13;missing_description;missing_publisher;missing_page_count;missing_cover
6dc8794f-0211-4b0b-bdf7-9b367d3c54c1,74879941-47de-45a1-bee6-ea244d93ad62,,Love You Forever,Robert N. Munsch,published/published,false,false,true,0,true,B_PARTIAL,missing_isbn13;missing_description;missing_publisher;missing_page_count;missing_cover
82b9a6d2-1c2a-457e-b7ce-b6064b27d3ed,06efdf9b-d50f-4fca-a672-50bb50ca029c,,Macbeth,William Shakespeare,published/published,false,false,true,0,true,B_PARTIAL,missing_isbn13;missing_description;missing_publisher;missing_page_count;missing_cover
9f733882-4c2b-4336-8b1b-0c14bf1daa54,e43ae685-26fd-4a91-9629-0a849da80219,,Madchen In Hyazinthblau / Girl in Hyacinth Blue,Susan Vreeland,published/published,false,false,true,0,true,B_PARTIAL,missing_isbn13;missing_description;missing_publisher;missing_page_count;missing_cover
1f017f66-8093-456c-ab90-565fc677d9b8,9747f25e-dc50-4d9a-be5d-bcee325737f9,,Madeleine,Ludwig Bemelmans,published/published,false,false,true,0,true,B_PARTIAL,missing_isbn13;missing_description;missing_publisher;missing_page_count;missing_cover
3500b423-1acc-4136-bd6a-ffbc34841022,1854effa-aad4-4a64-837d-46401f763846,,Maeng Chun-yŏl oe 8-in,"Yi, Ŭn-yong (Writer of juvenile fiction)",published/published,false,false,true,0,true,B_PARTIAL,missing_isbn13;missing_description;missing_publisher;missing_page_count;missing_cover
d43bd777-7941-4841-a7ee-da56fd31e1e6,a9dc0b13-ffe8-4aec-b702-90fa38455b0f,,Maisy dresses up,Lucy Cousins,published/published,false,false,true,0,true,B_PARTIAL,missing_isbn13;missing_description;missing_publisher;missing_page_count;missing_cover
b87ec91a-e7db-4bc5-ae80-74b760de5a2a,12ad9472-4e41-476c-9e55-3493b3db2195,,Man in the Dark,Paul Auster,published/published,false,false,true,0,true,B_PARTIAL,missing_isbn13;missing_description;missing_publisher;missing_page_count;missing_cover
1c536718-e27f-43cf-9b44-97507242e083,9874686e-068a-4218-a18f-33ac3ed1a120,,Manhattan Beach,Jennifer Egan,published/published,false,false,true,0,true,B_PARTIAL,missing_isbn13;missing_description;missing_publisher;missing_page_count;missing_cover
ede50fba-105f-4f6b-bb51-1482dacec226,38db4abc-b4e3-4de9-ae61-7ea25edd2ca7,,Matilda,Roald Dahl,published/published,false,false,true,0,true,B_PARTIAL,missing_isbn13;missing_description;missing_publisher;missing_page_count;missing_cover
ff4ea1a6-701c-4965-9421-38dbbb8302bb,f7442ba5-8d26-460b-b6b6-eeccac233075,,Me Before You,Jojo Moyes,published/published,false,false,true,0,true,B_PARTIAL,missing_isbn13;missing_description;missing_publisher;missing_page_count;missing_cover
ed260f4a-4d5c-4762-9428-602df7a8e3ef,bf12f671-95d5-4af1-a4ec-1e534d12127e,,Mei Ling's Hiccups,"David Mills, David Mills",published/published,false,false,true,0,true,B_PARTIAL,missing_isbn13;missing_description;missing_publisher;missing_page_count;missing_cover
372baf7b-265e-4368-a6fa-0832a996e8f8,e3a7b955-bd81-4c99-aa2d-255f3e570b92,,Memoirs of a Geisha,Arthur Golden,published/published,false,false,true,0,true,B_PARTIAL,missing_isbn13;missing_description;missing_publisher;missing_page_count;missing_cover
71586620-126b-42c0-8262-946da22109fb,bae748e9-98f8-49ec-a592-5070343427e8,,Métaphysique des tubes,Amélie Nothomb,published/published,false,false,true,0,true,B_PARTIAL,missing_isbn13;missing_description;missing_publisher;missing_page_count;missing_cover
f2f38ec0-d11b-4ffa-9e78-da53b63e7122,da0cc30f-3ced-46cf-9143-e11d2a63bdde,,Midnight's Children,Salman Rushdie,published/published,false,false,true,0,true,B_PARTIAL,missing_isbn13;missing_description;missing_publisher;missing_page_count;missing_cover
b76fec48-077d-49b7-9524-e3e41b9f138d,85da32bc-deb1-4860-9963-b60662d83409,,Miguel Street,V. S. Naipaul,published/published,false,false,true,0,true,B_PARTIAL,missing_isbn13;missing_description;missing_publisher;missing_page_count;missing_cover
54de0b11-6ed9-4505-bdf6-d60122fc22bb,50b48d63-258f-4dc5-a288-7c72f02afaa3,,Miju Hanin sosŏl yŏn'gu,Yŏng-ho Pak,published/published,false,false,true,0,true,B_PARTIAL,missing_isbn13;missing_description;missing_publisher;missing_page_count;missing_cover
02435a9c-8a35-4d40-8bc8-740068bcc4ed,1bba0e30-1457-4709-b97b-5f1153487e2a,,Milkweed,Jerry Spinelli,published/published,false,false,true,0,true,B_PARTIAL,missing_isbn13;missing_description;missing_publisher;missing_page_count;missing_cover
ab4afd19-61ab-49ad-aa85-00154306d173,da99c3b6-913d-4954-a189-84f82eaafac9,,Mindbend,Robin Cook,published/published,false,false,true,0,true,B_PARTIAL,missing_isbn13;missing_description;missing_publisher;missing_page_count;missing_cover
cbcc97fb-6abc-4c73-a796-a458a89cc26a,8d75ad87-11aa-49b5-b6cc-d57955f6598e,,Mister Pip,"Jones, Lloyd",published/published,false,false,true,0,true,B_PARTIAL,missing_isbn13;missing_description;missing_publisher;missing_page_count;missing_cover
ae04a8a6-b1cf-471d-a32e-a3c33206ee96,0769256e-1580-490e-8ca1-be3c219ef5dd,,Mistress,Jayne Ann Krentz,published/published,false,false,true,0,true,B_PARTIAL,missing_isbn13;missing_description;missing_publisher;missing_page_count;missing_cover
f746a878-5366-4b0b-829d-1eac2dad49f9,fac2cef7-ff7d-4369-b9f5-6476f5484106,,Moby Dick,Herman Melville,published/published,false,false,true,0,true,B_PARTIAL,missing_isbn13;missing_description;missing_publisher;missing_page_count;missing_cover
30083201-02f3-4bce-a1c8-f51ac73831a2,a27e160c-8240-4ead-8c34-ee7615fec6de,,Modern Korean Fiction,Sangsup Lee,published/published,false,false,true,0,true,B_PARTIAL,missing_isbn13;missing_description;missing_publisher;missing_page_count;missing_cover
c4c77b20-754f-4d53-89fb-a36ee0d795ec,c966de75-2c7a-43ac-8f50-176396008b3f,,Mole music,David M. McPhail,published/published,false,false,true,0,true,B_PARTIAL,missing_isbn13;missing_description;missing_publisher;missing_page_count;missing_cover
03cd7dbd-1d1f-44ea-a4a6-ec9fae405f63,601f3520-967d-466a-ad2d-4a4aecdb5e92,,Moll Flanders,Daniel Defoe,published/published,false,false,true,0,true,B_PARTIAL,missing_isbn13;missing_description;missing_publisher;missing_page_count;missing_cover
b4233a98-e9ca-4d41-aedf-8b43b42865d2,f78d8c54-e42f-4c8a-84b0-53ae84db5a62,,"Momo oder Die seltsame Geschichte von den Zeit-Dieben und von dem Kind, das den Menschen die gestohlene Zeit zurückbrachte",Michael Ende,published/published,false,false,true,0,true,B_PARTIAL,missing_isbn13;missing_description;missing_publisher;missing_page_count;missing_cover
49644555-7771-4986-873e-7d41d8e08fd9,7531e066-deeb-4d7c-86d5-8c3c696c0602,,More Than Human,Theodore Sturgeon,published/published,false,false,true,0,true,B_PARTIAL,missing_isbn13;missing_description;missing_publisher;missing_page_count;missing_cover
237cd45e-4564-4ff2-a505-b00b7088ebf0,51ed7586-a04e-46ae-814d-b6c2cec0affd,,More We Get Together,"Celeste Cortright, Betania Zacarias",published/published,false,false,true,0,true,B_PARTIAL,missing_isbn13;missing_description;missing_publisher;missing_page_count;missing_cover
d2ad6280-0f79-417c-bab9-6d1cc7b73aff,6d7eb01c-6bf3-4a0e-b6bf-2daa6d3bf428,,Mostly Harmless,Douglas Adams,published/published,false,false,true,0,true,B_PARTIAL,missing_isbn13;missing_description;missing_publisher;missing_page_count;missing_cover
568b84d9-d9ae-4c5c-bf40-75848540dd5e,0d7baec0-9262-4ea4-abb5-b074982758a4,,Mosun,"Kwi-ja Yang, Yang Gui-ja, Kwi-Ja Yang, Mi-young Kim",published/published,false,false,true,0,true,B_PARTIAL,missing_isbn13;missing_description;missing_publisher;missing_page_count;missing_cover
4f7127f1-09ee-416d-85d4-fc0e542fcb4c,739364ea-97d0-4c0f-883b-302b650881e6,,Motherless Brooklyn,"Jonathan Lethem, J. LETHEM, Professor of the History of Science Geoffrey Cantor",published/published,false,false,true,0,true,B_PARTIAL,missing_isbn13;missing_description;missing_publisher;missing_page_count;missing_cover
118b93c6-c0b3-4159-b1af-231baa600f67,c84904e1-6f82-425f-9c2e-1172062f770b,,Mouse Soup,Arnold Lobel,published/published,false,false,true,0,true,B_PARTIAL,missing_isbn13;missing_description;missing_publisher;missing_page_count;missing_cover
c0c1c26a-8280-4143-93e8-79f1c17665eb,ffa9dd9d-1819-4983-9df6-c5b8fac18f7a,,Mr. Gumpy's Outing,"John Burningham, Ellen Duthie",published/published,false,false,true,0,true,B_PARTIAL,missing_isbn13;missing_description;missing_publisher;missing_page_count;missing_cover
9a8518ba-2c7e-482c-82f4-33cfb97ef585,e7d7b97a-8919-47a8-8ab3-c5c090cbf6c9,,Mr. Mercedes,"Stephen King, Stephen king, Ingah Mikhaʼeli",published/published,false,false,true,0,true,B_PARTIAL,missing_isbn13;missing_description;missing_publisher;missing_page_count;missing_cover
b32cda4c-5e6c-459c-af58-d5f3f74c57f5,9a1b83df-ccf1-445e-b1ef-42330099566d,,Much Ado About Nothing,William Shakespeare,published/published,false,false,true,0,true,B_PARTIAL,missing_isbn13;missing_description;missing_publisher;missing_page_count;missing_cover
ce3f4682-c282-4ef4-8c7b-f98212869e02,2a109530-eba6-4fb8-a172-6c3417d71597,,Muhyŏp sosŏl ŭi munhwajŏk ŭimi,Hyŏng-jun Chŏn,published/published,false,false,true,0,true,B_PARTIAL,missing_isbn13;missing_description;missing_publisher;missing_page_count;missing_cover
659863e3-bb7a-42d4-97c0-a6be36131aa3,a60bf46c-ff22-4c44-a9fb-0328cc61168a,,Mushroom in the Rain,Mirra Ginsburg,published/published,false,false,true,0,true,B_PARTIAL,missing_isbn13;missing_description;missing_publisher;missing_page_count;missing_cover
ed675cc7-1edd-4225-8b99-d0055415c32c,76871a4c-f9ca-4d20-af44-7c48c81db81c,,Mutant message down under,Marlo Morgan,published/published,false,false,true,0,true,B_PARTIAL,missing_isbn13;missing_description;missing_publisher;missing_page_count;missing_cover
54e6bab4-e08c-4968-af20-a2245fd07465,87141af4-c5ff-45cf-ac37-f4ced01766a6,,My Sister's Keeper,Jodi Picoult,published/published,false,false,true,0,true,B_PARTIAL,missing_isbn13;missing_description;missing_publisher;missing_page_count;missing_cover
b489c383-a707-4b7e-933d-55dab87ecb98,b5fbf081-9133-4aca-a8b0-56847d123da4,,My Uncle Oswald,Roald Dahl,published/published,false,false,true,0,true,B_PARTIAL,missing_isbn13;missing_description;missing_publisher;missing_page_count;missing_cover
f1c42639-f72b-4325-a202-a7a52da9f2a4,f25dabc7-67e4-4f4e-ad79-ad9c02132b53,,My real children,Jo Walton,published/published,false,false,true,0,true,B_PARTIAL,missing_isbn13;missing_description;missing_publisher;missing_page_count;missing_cover
1473466f-4b63-47ce-a582-eee762579479,f72faec0-2545-4700-b3e9-dcec946a9aa6,,Na nŭn nŏ ya,Kwang-su Ma,published/published,false,false,true,0,true,B_PARTIAL,missing_isbn13;missing_description;missing_publisher;missing_page_count;missing_cover
b9a400c4-860e-4ce9-925a-58cbfdf6ce57,aa66d422-2577-4334-ad7d-1874b34ec010,,Nae ka nŏ ege chŏltaero mal haji annŭn kŏttŭl,Celeste Ng,published/published,false,false,true,0,true,B_PARTIAL,missing_isbn13;missing_description;missing_publisher;missing_page_count;missing_cover
9198d35d-1948-43d7-8e88-b8ecbcc6d140,17fee898-95f0-429a-b1e3-3134925c36f8,,Name Jar,Yangsook Choi,published/published,false,false,true,0,true,B_PARTIAL,missing_isbn13;missing_description;missing_publisher;missing_page_count;missing_cover
b59a4f05-9e37-4fc4-bd88-cc26781181eb,d0fd5edb-4e8b-4b1a-a19a-6827a50c27c5,,Napoléon,Max Gallo,published/published,false,false,true,0,true,B_PARTIAL,missing_isbn13;missing_description;missing_publisher;missing_page_count;missing_cover
9bf0f514-68d8-442e-b946-fea9da6e25f8,7ddec00a-bf44-40a4-a8e2-03c2977e92ac,,Native speaker,Chang-rae Lee,published/published,false,false,true,0,true,B_PARTIAL,missing_isbn13;missing_description;missing_publisher;missing_page_count;missing_cover
f4776a4e-3662-45fc-95a6-87e7927b714f,1943c411-4650-4c6d-a43d-0e466b264e17,,Nesmrtelnost,Milan Kundera,published/published,false,false,true,0,true,B_PARTIAL,missing_isbn13;missing_description;missing_publisher;missing_page_count;missing_cover
b7684b31-9e64-4b7a-9c1f-86f3fe436404,b54f3f40-d404-46e0-9eac-76be174c99f1,,New Cat,Yangsook Choi,published/published,false,false,true,0,true,B_PARTIAL,missing_isbn13;missing_description;missing_publisher;missing_page_count;missing_cover
f09d1cc1-cf51-48b7-90df-06f739dd0aa9,76bcef0e-9254-44ed-bf2f-4fb5c3c3a478,,Next,Michael Crichton,published/published,false,false,true,0,true,B_PARTIAL,missing_isbn13;missing_description;missing_publisher;missing_page_count;missing_cover
0d1167fc-124c-4863-a3e8-2c2429b40779,0ca7bde3-a915-42c1-a59b-8dcfa2dfe3d6,,Night Fires,Sandra Marton,published/published,false,false,true,0,true,B_PARTIAL,missing_isbn13;missing_description;missing_publisher;missing_page_count;missing_cover
49dc8ba1-cc5f-46f8-8bf1-5132df16c226,869d0835-c7b7-4433-8768-2c88e8728c9b,,No Country for Old Men,Cormac McCarthy,published/published,false,false,true,0,true,B_PARTIAL,missing_isbn13;missing_description;missing_publisher;missing_page_count;missing_cover
c123de89-7ca9-4b26-aca6-938c8e8de197,f0775705-a13b-4ef9-a82d-2bee39a9eac4,,"Not a Penny More, Not a Penny Less",Jeffrey Archer,published/published,false,false,true,0,true,B_PARTIAL,missing_isbn13;missing_description;missing_publisher;missing_page_count;missing_cover
399b983c-e02e-49b4-a992-76de07dacbad,c6271fa1-8e7b-4d50-b615-589444cf1a40,,Náttblinda,Ragnar Jónasson,published/published,false,false,true,0,true,B_PARTIAL,missing_isbn13;missing_description;missing_publisher;missing_page_count;missing_cover
c706b952-8de5-4050-b1dd-7026e95ec41d,c1f3ef21-3f14-4b56-b31f-912415e18699,,O Alquimista,Paulo Coelho,published/published,false,false,true,0,true,B_PARTIAL,missing_isbn13;missing_description;missing_publisher;missing_page_count;missing_cover
2dd71dd7-ac84-4999-9122-f72b6953cede,25472b09-ec1d-4df2-8750-b3c3753a0a88,,O Christos xanastavronetai,Nikos Kazantzakis,published/published,false,false,true,0,true,B_PARTIAL,missing_isbn13;missing_description;missing_publisher;missing_page_count;missing_cover
c19d301e-d255-479e-a774-a2a5368b23e3,99bab400-1d09-49dc-9ca1-0a2d94265aa3,,O Ftohoulis tou Theou,Nikos Kazantzakis,published/published,false,false,true,0,true,B_PARTIAL,missing_isbn13;missing_description;missing_publisher;missing_page_count;missing_cover
9ad77f37-b1dc-4814-8dc3-4a730286c87c,ace25693-eaf4-48b3-a541-a155f3637dfc,,O Pioneers!,Willa Cather,published/published,false,false,true,0,true,B_PARTIAL,missing_isbn13;missing_description;missing_publisher;missing_page_count;missing_cover
a0d33f51-be1d-4261-8b3c-64e572c9ef69,22c3c915-efa4-4635-b378-c990856a18a7,,Of Mice and Men,John Steinbeck,published/published,false,false,true,0,true,B_PARTIAL,missing_isbn13;missing_description;missing_publisher;missing_page_count;missing_cover
aca7b641-23f1-469e-b084-3b41b2ed659c,a6deaef0-d658-430e-8e3e-ee0da3200b15,,Oliver Button is a Sissy,Tomie dePaola,published/published,false,false,true,0,true,B_PARTIAL,missing_isbn13;missing_description;missing_publisher;missing_page_count;missing_cover
05b76806-6ec2-4d05-8770-7259aa4538fe,4d0c5c5e-4551-42c9-829d-77b39c939b86,,On Chesil Beach,Ian McEwan,published/published,false,false,true,0,true,B_PARTIAL,missing_isbn13;missing_description;missing_publisher;missing_page_count;missing_cover
1da0d911-a8f3-47b3-8032-b0d2b30789fa,604470ae-7bc7-4cfd-8d72-c0df80f977dd,,Oracle Night,Paul Auster,published/published,false,false,true,0,true,B_PARTIAL,missing_isbn13;missing_description;missing_publisher;missing_page_count;missing_cover
59215cc7-e083-4099-ad53-33ce2261915c,1a4bf001-6698-4ab5-b37b-14988ad6a911,,Pachinko,Min Jin Lee,published/published,false,false,true,0,true,B_PARTIAL,missing_isbn13;missing_description;missing_publisher;missing_page_count;missing_cover
db535b05-b29d-4a3e-bffd-80322e6a1789,9e99e50a-5e4a-4935-9fa9-6d39a9cd9162,,Paiollet,Kyong-suk Sin,published/published,false,false,true,0,true,B_PARTIAL,missing_isbn13;missing_description;missing_publisher;missing_page_count;missing_cover
5841680a-6c3b-4f2c-ad74-35fa2a978151,19e4b2e3-87b6-43f7-a7c1-b70b983637c7,,Pantaleón y las visitadoras,Mario Vargas Llosa,published/published,false,false,true,0,true,B_PARTIAL,missing_isbn13;missing_description;missing_publisher;missing_page_count;missing_cover
610c6c93-4b8d-4749-aa16-0f444d43cb3d,a5315bce-084c-4be1-898b-a7dd93c6c5da,,Parce que je t'aime,Guillaume Musso,published/published,false,false,true,0,true,B_PARTIAL,missing_isbn13;missing_description;missing_publisher;missing_page_count;missing_cover
f48a6509-7401-4dc6-829c-f452780228a5,58a50fe3-fbe5-4d32-88fd-8fc3e6da40ef,,Passion simple,Annie Ernaux,published/published,false,false,true,0,true,B_PARTIAL,missing_isbn13;missing_description;missing_publisher;missing_page_count;missing_cover
ba3a2c60-522a-44aa-ba30-40d3c77f20cc,a86a8d15-75bb-4050-a408-98367b19791b,,Penguin Problems,John Jory,published/published,false,false,true,0,true,B_PARTIAL,missing_isbn13;missing_description;missing_publisher;missing_page_count;missing_cover
dcf26b23-225b-40a3-b0af-2ee443d9d627,02579f8e-0a25-49b1-90a7-47a869c07679,,Periwinkle at the Full Moon Ball,"Geneviève Huriet, Loïc Jouannigot",published/published,false,false,true,0,true,B_PARTIAL,missing_isbn13;missing_description;missing_publisher;missing_page_count;missing_cover
5810c4ce-2952-47a1-8fcd-78e00f33baa8,8af8088e-d840-4c84-af6f-784dfce9f69c,,Pete the Cat and His Four Groovy Buttons,"Eric Litwin, James Dean",published/published,false,false,true,0,true,B_PARTIAL,missing_isbn13;missing_description;missing_publisher;missing_page_count;missing_cover
b1bc0737-fdd5-4d10-a158-f41f30d2b25e,59d854ce-8b0c-4cdf-b0bd-f5fe81b7e1e4,,Peter Schlemihls wundersame Geschichte,Adelbert von Chamisso,published/published,false,false,true,0,true,B_PARTIAL,missing_isbn13;missing_description;missing_publisher;missing_page_count;missing_cover
afa95fb8-0c7d-4511-a882-5da1f4f2471a,2276fa5c-2ec4-4bc7-ac04-e654b8de568e,,Pig,Andrew Cowan,published/published,false,false,true,0,true,B_PARTIAL,missing_isbn13;missing_description;missing_publisher;missing_page_count;missing_cover
43088b26-dba4-4a5c-984d-4488f29da6e1,179a791e-6c4a-45be-b766-2e2e7f234937,,Potty,Leslie Patricelli,published/published,false,false,true,0,true,B_PARTIAL,missing_isbn13;missing_description;missing_publisher;missing_page_count;missing_cover
40888066-565f-426c-a011-361f81283ea3,a1aa8a29-95d2-4e9d-9ae8-f120d3c716fd,,Pride and Prejudice,Jane Austen,published/published,false,false,true,0,true,B_PARTIAL,missing_isbn13;missing_description;missing_publisher;missing_page_count;missing_cover
c031429a-1205-4f59-a728-613e3ae68dc7,35898977-0518-429b-8105-23edfffaebb4,,Project Hail Mary,Andy Weir,published/published,false,false,true,0,true,B_PARTIAL,missing_isbn13;missing_description;missing_publisher;missing_page_count;missing_cover
1fd897b1-6a3a-4005-9797-ce6abe2e00b8,ae31ad5b-b689-4818-b6ed-e2b631e05c4b,,Pukhan kwahak hwansang munhak kwa yut'op'ia,Tong-su Sŏ,published/published,false,false,true,0,true,B_PARTIAL,missing_isbn13;missing_description;missing_publisher;missing_page_count;missing_cover
97b8c0ae-76c0-4848-a11f-64cfe69a291f,5b31f591-827f-4c9e-91f2-72753056495b,,Rabbit Redux,John Updike,published/published,false,false,true,0,true,B_PARTIAL,missing_isbn13;missing_description;missing_publisher;missing_page_count;missing_cover
a2b87bd7-1c61-4993-b052-4e31ebfb17c5,183ec2dd-484d-4975-94f2-0237990650f7,,"Rabbit, Run",John Updike,published/published,false,false,true,0,true,B_PARTIAL,missing_isbn13;missing_description;missing_publisher;missing_page_count;missing_cover
88f85f99-dd8c-4e1d-b0f6-30add0b9ffed,320cc7e4-c6de-40ab-aab4-69d396838ff6,,Ramona Forever,Beverly Cleary,published/published,false,false,true,0,true,B_PARTIAL,missing_isbn13;missing_description;missing_publisher;missing_page_count;missing_cover
f81345e3-2e2b-4b87-a3f3-aa175d16895d,ac8d01ce-cf3c-4641-a69e-f11e2714ca3f,,River Boy,Tim Bowler,published/published,false,false,true,0,true,B_PARTIAL,missing_isbn13;missing_description;missing_publisher;missing_page_count;missing_cover
e09a70cf-3357-4d8f-bdcd-25d40636c3b5,10fbbd27-ebdd-4690-adbe-f48914cd03ca,,Romance of the three kingdoms,"Luo Guanzhong, C. H. Brewitt-Taylor",published/published,false,false,true,0,true,B_PARTIAL,missing_isbn13;missing_description;missing_publisher;missing_page_count;missing_cover
a9feaa73-a4bc-46ac-ade9-5ff09cbf9970,14a0f92d-c674-4650-b192-d555be6c7183,,Romeo and Juliet,William Shakespeare,published/published,false,false,true,0,true,B_PARTIAL,missing_isbn13;missing_description;missing_publisher;missing_page_count;missing_cover
a5a6aa27-073f-4e73-9c42-0f94995fb5b8,f7ced728-8735-49b8-bb0e-80606c82c5b2,,Ronja rövardotter,Astrid Lindgren,published/published,false,false,true,0,true,B_PARTIAL,missing_isbn13;missing_description;missing_publisher;missing_page_count;missing_cover
e7bf40a9-7b13-41b7-8f4f-337b9701c5c2,364bd7cd-c8f5-46d2-95ca-d6f65c956796,,SHORT LOVELY SEXY LOVE MAKINGS,Alborz Azar,published/published,false,false,true,0,true,B_PARTIAL,missing_isbn13;missing_description;missing_publisher;missing_page_count;missing_cover
0c2ec602-952e-4479-8008-6ef2a45ccc7c,a00e5602-d5f3-4853-9d45-3da0f5022e13,,Saeroun Asia tosi,Jini Kim Watson,published/published,false,false,true,0,true,B_PARTIAL,missing_isbn13;missing_description;missing_publisher;missing_page_count;missing_cover
3228174c-bc7c-4531-a6e0-5a1b59e4008a,bb5ab7c4-53b4-4ee9-bc98-718e12d61e6f,,Saint Peter's Fair,Edith Pargeter,published/published,false,false,true,0,true,B_PARTIAL,missing_isbn13;missing_description;missing_publisher;missing_page_count;missing_cover
c30f6b80-b7ec-4806-996e-471ac3d68b98,f93e2c42-b63d-49f9-942f-c8deb6b7413b,,Sans famille,Hector Malot,published/published,false,false,true,0,true,B_PARTIAL,missing_isbn13;missing_description;missing_publisher;missing_page_count;missing_cover
98bac8ce-b57e-461b-b3fd-6a131c693a17,4b4c2d83-80e3-40d0-b40e-3463fc8fd520,,Saturday,Ian McEwan,published/published,false,false,true,0,true,B_PARTIAL,missing_isbn13;missing_description;missing_publisher;missing_page_count;missing_cover
c45940eb-da80-46ed-b44e-5853c132e860,f92c979e-6e15-48c4-a77e-7633b2b0be0d,,Sauve-moi,Guillaume Musso,published/published,false,false,true,0,true,B_PARTIAL,missing_isbn13;missing_description;missing_publisher;missing_page_count;missing_cover
5ac2c77a-c7da-41ab-a2b9-59030ee07d33,08a73a84-0072-48fe-a7e3-33a76a33d6df,,Schatten im Paradies,Erich Maria Remarque,published/published,false,false,true,0,true,B_PARTIAL,missing_isbn13;missing_description;missing_publisher;missing_page_count;missing_cover
8fae51e6-fe23-4ee7-950b-ceff1572826a,0c8f4e04-dea0-460b-915a-62f40893544f,,Science fiction SF,"전홍식, 김창규",published/published,false,false,true,0,true,B_PARTIAL,missing_isbn13;missing_description;missing_publisher;missing_page_count;missing_cover
3244d064-2d3d-4637-b461-38f7b9a4fc4e,2d3a8fc0-afbb-47c2-9305-3eacf6b06f36,,See You at the Top,Zig Ziglar,published/published,false,false,true,0,true,B_PARTIAL,missing_isbn13;missing_description;missing_publisher;missing_page_count;missing_cover
7028d034-e886-4a8e-9267-955400729b51,82ae1038-f8bf-45b1-8dc7-b5b77c4952a2,,Seesaw Girl,Linda Sue Park,published/published,false,false,true,0,true,B_PARTIAL,missing_isbn13;missing_description;missing_publisher;missing_page_count;missing_cover
dc49aa83-026b-438c-8c05-8ba61de2b6b3,bb20725e-0a9c-4453-8d02-c8e160c771ec,,Segye SF kŏlchaksŏn = Science fiction,,published/published,false,false,true,0,true,B_PARTIAL,missing_isbn13;missing_author;missing_description;missing_publisher;missing_page_count;missing_cover
c36a19b5-a181-4ad8-870a-74cc7da6d271,10d04302-9d88-4c4a-a89c-a7f50d7a686a,,Self,Yann Martel,published/published,false,false,true,0,true,B_PARTIAL,missing_isbn13;missing_description;missing_publisher;missing_page_count;missing_cover
6e41541e-ad1c-4107-87dc-e3fe99260032,43dd205f-4c6d-47de-836f-62e103d4a6f0,,Sense and Sensibility,Jane Austen,published/published,false,false,true,0,true,B_PARTIAL,missing_isbn13;missing_description;missing_publisher;missing_page_count;missing_cover
bc479436-3924-4594-8085-401fbfd3b3cd,3f13b879-356a-4a99-bcf6-bebe404f004e,,Sentiero dei nidi di ragno,Italo Calvino,published/published,false,false,true,0,true,B_PARTIAL,missing_isbn13;missing_description;missing_publisher;missing_page_count;missing_cover
9539841f-99e1-4cc9-8b2a-c0b077ef0df8,23d09f77-83aa-4650-bed9-eca02a8fcb41,,Shadow of the Shark (Magic Tree House #53),Mary Pope Osborne,published/published,false,false,true,0,true,B_PARTIAL,missing_isbn13;missing_description;missing_publisher;missing_page_count;missing_cover
4e0fa72b-e094-4e84-b781-a4d6aecbd8c0,be01ba9f-8f6c-4cac-b262-9f12864ddc89,,Simple library cataloging,Susan Grey Akers,published/published,false,false,true,0,true,B_PARTIAL,missing_isbn13;missing_description;missing_publisher;missing_page_count;missing_cover
a35eb827-d8ec-408e-bf76-73ddb82217d2,b66be905-3632-4345-8197-974be5a05f00,,Since We Fell,Dennis Lehane,published/published,false,false,true,0,true,B_PARTIAL,missing_isbn13;missing_description;missing_publisher;missing_page_count;missing_cover
7576df56-a2a7-4e8f-9284-e0ec49dc58f7,56169a08-ec53-4fab-9e59-a18fc8dbea5e,,Sorstalanság,Imre Kertész,published/published,false,false,true,0,true,B_PARTIAL,missing_isbn13;missing_description;missing_publisher;missing_page_count;missing_cover
d63b0ede-f304-427c-b359-5b6d4e7a9313,cbaa06f2-1588-4fcf-9d15-0e1522baf599,,Sosŏl kujo ŭi iron,Ch'ŏn-hye Kim,published/published,false,false,true,0,true,B_PARTIAL,missing_isbn13;missing_description;missing_publisher;missing_page_count;missing_cover
6ca2f8b9-9100-4273-adc2-bef53fa1c5b0,81e0fb4d-0fa0-4e33-945d-dedeac53bc62,,"Sosŏl kwa yŏnghwa, maech'e ŭi susahak",Chae-wŏn Yi,published/published,false,false,true,0,true,B_PARTIAL,missing_isbn13;missing_description;missing_publisher;missing_page_count;missing_cover
8db7ea1f-d3a8-4a49-93f1-d7ab5e6c2d5b,93ab46b2-d7ed-47e6-a0e5-b84ca81e8770,,Staying at Daisy's,Jill Mansell,published/published,false,false,true,0,true,B_PARTIAL,missing_isbn13;missing_description;missing_publisher;missing_page_count;missing_cover
e79cddc2-ebe2-4644-9dc5-636b388bc334,3478c550-5340-48ab-826f-adba6ad2abaa,,Stories of Your Life and Others,Ted Chiang,published/published,false,false,true,0,true,B_PARTIAL,missing_isbn13;missing_description;missing_publisher;missing_page_count;missing_cover
26e1cf2a-a6a9-47b9-afb5-0af8eaf9a984,110635c3-e31b-450e-9aaf-9a042ee97e0c,,Sunset Park,Paul Auster,published/published,false,false,true,0,true,B_PARTIAL,missing_isbn13;missing_description;missing_publisher;missing_page_count;missing_cover
b16601e8-789d-41c9-b3f5-f93e51717ff9,8e0c1501-b0f7-40de-ae53-0874fe6afa12,,Swimmy,"Leo Lionni, Xosé Manuel González, Ignasi Centelles",published/published,false,false,true,0,true,B_PARTIAL,missing_isbn13;missing_description;missing_publisher;missing_page_count;missing_cover
0744504a-b2aa-4844-bec7-0c21ad1dd0bc,48ce0737-ed05-4f55-9717-6bac44cc95dd,,Sŏmjin'gang manwŏl,"Kim, Chin-myŏng (Writer on historical fiction)",published/published,false,false,true,0,true,B_PARTIAL,missing_isbn13;missing_description;missing_publisher;missing_page_count;missing_cover
431c66b4-1be4-4705-8532-98749eac2fd2,e52935fe-2df4-4cf0-b845-44a3c00bcb96,,Sŏsa munhak ŭi sidae wa kŭ yŏjŏng,Minjok Munhaksa Yŏnʼguso (Korea). Kojŏn Sosŏlsa Yŏnʼguban,published/published,false,false,true,0,true,B_PARTIAL,missing_isbn13;missing_description;missing_publisher;missing_page_count;missing_cover
406a7e05-be8f-47a2-85df-20e91a6e55ef,432ba454-2ed3-4923-968e-244484a40017,,Sŭlp'ŭn ssangdungi ŭi nunmul,Sungju Park-Kang,published/published,false,false,true,0,true,B_PARTIAL,missing_isbn13;missing_description;missing_publisher;missing_page_count;missing_cover
35a0eaba-cce6-4695-8829-95d2c65a38e9,fa7a730e-0f70-4880-8962-cc07cc2cabe5,,Taejung munhak kwa chŏngjŏn e taehan panyŏk =,Sŏng-myŏn Cho,published/published,false,false,true,0,true,B_PARTIAL,missing_isbn13;missing_description;missing_publisher;missing_page_count;missing_cover
90506326-4c58-4663-ad55-216ad1f25c66,73c93b57-fd1e-4ef4-ab1a-d18a8e49c3dd,,Tears of the Giraffe (No. 1 Ladies Detective Agency,Alexander McCall Smith,published/published,false,false,true,0,true,B_PARTIAL,missing_isbn13;missing_description;missing_publisher;missing_page_count;missing_cover
ad9feaab-0909-4cb7-8b2f-09e727b46676,30454510-fa53-44ab-8f93-7f54058cdeb7,,Tender is the Night,F. Scott Fitzgerald,published/published,false,false,true,0,true,B_PARTIAL,missing_isbn13;missing_description;missing_publisher;missing_page_count;missing_cover
9a0dfdc0-86c9-4881-8a2c-e036e2914e1a,dcd33127-f81e-4da2-88b6-68bbb7c15208,,The 9th Young Writer Award Collection 젊은 작가상 수상집 Korean Text Book Fiction Novel,"Min-jŏng Pak, Sŏng-sun Im, Yŏng-su Chŏng, Sang-yŏng Pak",published/published,false,false,true,0,true,B_PARTIAL,missing_isbn13;missing_description;missing_publisher;missing_page_count;missing_cover
8e2e5634-fec1-426b-9c78-f9f4cfbb9493,45ea8062-29d9-48a9-990c-80e291443d8d,,The Accidental,Ali Smith,published/published,false,false,true,0,true,B_PARTIAL,missing_isbn13;missing_description;missing_publisher;missing_page_count;missing_cover
835508e6-b377-4117-88cb-c31e5272abb7,c6f78b7b-f350-485e-bc88-b8e27e444e26,,The Art of War,"孙武 (Sun Tzu), Stephen F. Kaufman, Lionel Giles, Onésimo Colavidas",published/published,false,false,true,0,true,B_PARTIAL,missing_isbn13;missing_description;missing_publisher;missing_page_count;missing_cover
7acf46b4-476c-4159-a5b3-2b1cf5fa848c,b95ee63e-001e-4e6d-9dca-2284c1439e94,,The BFG,Roald Dahl,published/published,false,false,true,0,true,B_PARTIAL,missing_isbn13;missing_description;missing_publisher;missing_page_count;missing_cover
f874cb07-8237-47e0-aef7-ddd5ddcf14fe,cf3d1094-609e-4f59-9241-3c14bfd525fd,,The Battle of the Labyrinth,Rick Riordan,published/published,false,false,true,0,true,B_PARTIAL,missing_isbn13;missing_description;missing_publisher;missing_page_count;missing_cover
2157b92a-c72b-48c0-800f-a624bad5bb64,a4074602-5a8d-4fbc-a225-516f149b0309,,The Big Picture,Douglas Kennedy,published/published,false,false,true,0,true,B_PARTIAL,missing_isbn13;missing_description;missing_publisher;missing_page_count;missing_cover
a4701b58-4c17-4331-b22d-9dbb0b6f46c4,05186520-94c0-4563-b942-230bb6ed8d99,,The Blue Fairy Book,"Andrew Lang, Andrew Lang",published/published,false,false,true,0,true,B_PARTIAL,missing_isbn13;missing_description;missing_publisher;missing_page_count;missing_cover
c2348ee9-206b-4870-ada3-4e07fc901842,ad5a18a7-8a53-4c4d-9592-de9c70543fa7,,The Book Thief,Markus Zusak,published/published,false,false,true,0,true,B_PARTIAL,missing_isbn13;missing_description;missing_publisher;missing_page_count;missing_cover
f04b1fbf-2655-4e27-a3bf-464de25373e0,294c8cd5-4e39-4936-ae53-9c8c20f53420,,The Book of Fate,Brad Meltzer,published/published,false,false,true,0,true,B_PARTIAL,missing_isbn13;missing_description;missing_publisher;missing_page_count;missing_cover
7108e088-b69b-47c1-a5d2-ab0d404c59ef,bef3f4b5-4652-4116-8495-41203b618d38,,The Boy in the Striped Pyjamas,John Boyne,published/published,false,false,true,0,true,B_PARTIAL,missing_isbn13;missing_description;missing_publisher;missing_page_count;missing_cover
7997c9ae-eb6b-48af-9a84-6dcca3f3796d,2a9873dc-b88d-4708-8ab0-ae2eece34b70,,The Call of the Wild,Jack London,published/published,false,false,true,0,true,B_PARTIAL,missing_isbn13;missing_description;missing_publisher;missing_page_count;missing_cover
3d60d68c-1439-42a1-aaf8-412f5666749d,ef7c69dd-418d-4ebe-beb2-5e2b0d426c53,,The Catcher in the Rye,"J. D. Salinger, Shao jia yun",published/published,false,false,true,0,true,B_PARTIAL,missing_isbn13;missing_description;missing_publisher;missing_page_count;missing_cover
66015fa4-d6d3-4c61-a542-c9a4775edc69,7a977e5c-ece3-4a8d-9125-00d4d58c9e8e,,The Chemist,Stephenie Meyer,published/published,false,false,true,0,true,B_PARTIAL,missing_isbn13;missing_description;missing_publisher;missing_page_count;missing_cover
738816f1-7f52-4ca1-8097-e8090bb7f237,379bb946-d1f3-4b5b-b2bb-981954778648,,The Chocolate War,"Robert Cormier, Robert Cormier",published/published,false,false,true,0,true,B_PARTIAL,missing_isbn13;missing_description;missing_publisher;missing_page_count;missing_cover
fc16a390-6885-4b19-98c9-d48be01a0cff,4dc7f63e-1a48-4f0c-90e9-7f98f79b1b84,,The Client,John Grisham,published/published,false,false,true,0,true,B_PARTIAL,missing_isbn13;missing_description;missing_publisher;missing_page_count;missing_cover
89b6b6b9-f13d-460f-9cf0-682413e983dc,73be08e0-4638-492c-8bd5-c2a9d6b182b8,,The Cunning Man,Robertson Davies,published/published,false,false,true,0,true,B_PARTIAL,missing_isbn13;missing_description;missing_publisher;missing_page_count;missing_cover
927005ba-014f-4c96-94d5-94cd003347db,94b4dad1-0096-41ab-ae39-0cb9bb52e5f4,,The Da Vinci Code,Dan Brown,published/published,false,false,true,0,true,B_PARTIAL,missing_isbn13;missing_description;missing_publisher;missing_page_count;missing_cover
f4fb4f1e-56c1-4869-99f6-b4ec94124e69,45f4d658-a83a-4918-9e66-488a50eab83a,,The Diaries of Adam and Eve (Extracts from Adam's Diary / Eve's Diary),Mark Twain,published/published,false,false,true,0,true,B_PARTIAL,missing_isbn13;missing_description;missing_publisher;missing_page_count;missing_cover
523fa6e3-5281-498a-934c-36af83c7b128,dc033e4d-76be-4e18-8018-ea01276befce,,The Egg,Andy Weir,published/published,false,false,true,0,true,B_PARTIAL,missing_isbn13;missing_description;missing_publisher;missing_page_count;missing_cover
cd352161-c57c-439d-a15a-65c6abb2d556,83430f2b-2aa6-4d06-b5b1-8ddb57e20682,,The Elite (The Selection #2),Kiera Cass,published/published,false,false,true,0,true,B_PARTIAL,missing_isbn13;missing_description;missing_publisher;missing_page_count;missing_cover
f68ad34d-afc7-44ce-bb82-1ccecaacaeca,1628f260-d6c6-4d19-b788-4ee4910fa61f,,The Fault in Our Stars,John Green,published/published,false,false,true,0,true,B_PARTIAL,missing_isbn13;missing_description;missing_publisher;missing_page_count;missing_cover
d8d1f309-4d87-43a6-8444-9e2e037e1928,fdb7bd7f-d6aa-4fa4-adeb-6b95671f3f4d,,The French Lieutenant's Woman,John Fowles,published/published,false,false,true,0,true,B_PARTIAL,missing_isbn13;missing_description;missing_publisher;missing_page_count;missing_cover
57a07d97-09b0-48d2-b7de-c1bd82159f56,aeccc2ea-a8ad-4a2d-b869-dcf53c5da983,,The Girl on the Train,Paula Hawkins,published/published,false,false,true,0,true,B_PARTIAL,missing_isbn13;missing_description;missing_publisher;missing_page_count;missing_cover
5dccbe1d-a107-4eb1-9fce-245d0539b0b0,9ff6f1e5-32b6-4952-ac5e-69f5a20ea755,,The Giving Tree,Shel Silverstein,published/published,false,false,true,0,true,B_PARTIAL,missing_isbn13;missing_description;missing_publisher;missing_page_count;missing_cover
294239af-ea2e-429e-9b0f-f4f99187094a,a35d5d88-091f-4542-ac43-76a5ef7301c8,,The Golden Notebook,Doris Lessing,published/published,false,false,true,0,true,B_PARTIAL,missing_isbn13;missing_description;missing_publisher;missing_page_count;missing_cover
07f3c889-5ece-4068-a471-5d6dec8544f7,06c88017-4906-404d-98c6-33f4c33d3ac8,,The Good Earth,Pearl S. Buck,published/published,false,false,true,0,true,B_PARTIAL,missing_isbn13;missing_description;missing_publisher;missing_page_count;missing_cover
b53fd4f2-8130-4716-87fd-fa3673a4651c,8896abaa-ff71-4595-9db4-9559975821aa,,The Grapes of Wrath,John Steinbeck,published/published,false,false,true,0,true,B_PARTIAL,missing_isbn13;missing_description;missing_publisher;missing_page_count;missing_cover
f812558a-acc3-49ac-8f60-12fe452eade7,55fc836a-0c22-44ea-b3e7-2fc38a2de23e,,The Great Gatsby,F. Scott Fitzgerald,published/published,false,false,true,0,true,B_PARTIAL,missing_isbn13;missing_description;missing_publisher;missing_page_count;missing_cover
97447cb4-d715-4fe8-989a-12397714c16c,24b0e757-0834-4636-98b3-6472913dcb46,,The Great Shark Escape,"Jennifer Johnston, Joanna Cole, Mary Pope Osborne, Jennifer Johnston",published/published,false,false,true,0,true,B_PARTIAL,missing_isbn13;missing_description;missing_publisher;missing_page_count;missing_cover
76a91433-c72e-440a-88b2-0db2371460e9,6b6f38cd-fc8e-4566-9254-3d004419659e,,The Guernsey Literary and Potato Peel Pie Society,"Mary Ann Shaffer, Annie Barrows",published/published,false,false,true,0,true,B_PARTIAL,missing_isbn13;missing_description;missing_publisher;missing_page_count;missing_cover
f6e4e3bb-9af4-49d2-bc73-474df03b5463,3ff30135-9ca8-44bf-b2a7-812c73bf3bc1,,The Gunslinger,Stephen King,published/published,false,false,true,0,true,B_PARTIAL,missing_isbn13;missing_description;missing_publisher;missing_page_count;missing_cover
28ee77af-d5f2-4ba5-b455-98696c9dad23,9f30e2da-cf88-42fc-abf3-60cb983c856a,,The Handmaid's Tale,Margaret Atwood,published/published,false,false,true,0,true,B_PARTIAL,missing_isbn13;missing_description;missing_publisher;missing_page_count;missing_cover
1a1ce8e5-e7ce-4931-8a03-7342fdf941b0,70e52aa9-76d1-452c-acd0-d12d21ba84e6,,The Hate U Give,"Angie Thomas, Angie Thomas",published/published,false,false,true,0,true,B_PARTIAL,missing_isbn13;missing_description;missing_publisher;missing_page_count;missing_cover
44a77367-c204-4968-9a4b-2111cdab35ad,745de0c4-1711-4f46-9346-4de2a52dea50,,"The Hello, Goodbye Window",Norton Juster,published/published,false,false,true,0,true,B_PARTIAL,missing_isbn13;missing_description;missing_publisher;missing_page_count;missing_cover
4a797ad1-f420-402f-ba4c-81aab9a0c328,6618a90d-ab00-4670-9242-13d5fdb3c061,,The Help,"Kathryn Stockett, Álvaro Abella Villar, Alvaro Abella",published/published,false,false,true,0,true,B_PARTIAL,missing_isbn13;missing_description;missing_publisher;missing_page_count;missing_cover
e5499f26-ed93-4993-82d3-525a1a471179,a1262788-7152-49b9-883a-906de56faa8d,,The Hemingway hoax,Joe Haldeman,published/published,false,false,true,0,true,B_PARTIAL,missing_isbn13;missing_description;missing_publisher;missing_page_count;missing_cover
a9729ac9-d047-4d54-93f8-c345c8be3402,671945c7-4e19-45e6-b137-f0bc5a0bf0a8,,The Hound of the Baskervilles,Arthur Conan Doyle,published/published,false,false,true,0,true,B_PARTIAL,missing_isbn13;missing_description;missing_publisher;missing_page_count;missing_cover
35263605-5b5e-40f3-8e98-15a32b4ee678,af09520e-537c-4dba-b296-ff043a73969b,,The Isle of Masks (Ulysses Moore #4),Pierdomenico Baccalario,published/published,false,false,true,0,true,B_PARTIAL,missing_isbn13;missing_description;missing_publisher;missing_page_count;missing_cover
a016f7b8-f100-42da-b393-6c892da32202,59962b6e-a7ba-40f1-a0d2-21fad540bc0e,,The Jungle,Upton Sinclair,published/published,false,false,true,0,true,B_PARTIAL,missing_isbn13;missing_description;missing_publisher;missing_page_count;missing_cover
9a792cfc-ef75-4f63-bd95-67edc90d780a,1cbe0de0-c592-4c86-8e7c-cd83f93c30c5,,The Keys of the Kingdom,A. J. Cronin,published/published,false,false,true,0,true,B_PARTIAL,missing_isbn13;missing_description;missing_publisher;missing_page_count;missing_cover
21e7bad0-5293-4f7e-aa25-b1d932842c7f,e929c7d8-73b2-4b21-81f1-6e1a9dfdaa05,,The Kite Runner,Khaled Hosseini,published/published,false,false,true,0,true,B_PARTIAL,missing_isbn13;missing_description;missing_publisher;missing_page_count;missing_cover
a5e8b4a0-acda-4956-94ff-c8949ccdce2d,8eb4f149-cc77-499a-a4e6-d41a89512300,,The Kreutzer sonata and other stories,Лев Толстой,published/published,false,false,true,0,true,B_PARTIAL,missing_isbn13;missing_description;missing_publisher;missing_page_count;missing_cover
eda96325-33ba-48ec-99cc-e2e081293ad6,ed14a95e-b7d4-43e1-a79d-6a164d0818d8,,The Last Letter from Your Lover,Jojo Moyes,published/published,false,false,true,0,true,B_PARTIAL,missing_isbn13;missing_description;missing_publisher;missing_page_count;missing_cover
e58ff67b-d335-42df-91ad-16e8bc976b9e,29503e52-2871-44f9-8347-1e1ee25b6263,,The Left Hand of Darkness,Ursula K. Le Guin,published/published,false,false,true,0,true,B_PARTIAL,missing_isbn13;missing_description;missing_publisher;missing_page_count;missing_cover
54311837-729d-4c3d-92b4-8a8aa7d85e4a,1b59a006-5d66-4875-8f56-6ce0e025e4c7,,The Legend of Sleepy Hollow,Washington Irving,published/published,false,false,true,0,true,B_PARTIAL,missing_isbn13;missing_description;missing_publisher;missing_page_count;missing_cover
2b8f0147-654a-495b-8690-815f9ec46d0c,0271a87c-e095-4b19-a4fc-798b6c441022,,"The Lion, the Witch and the Wardrobe",C. S. Lewis,published/published,false,false,true,0,true,B_PARTIAL,missing_isbn13;missing_description;missing_publisher;missing_page_count;missing_cover
0cd7700a-d77e-48f0-920a-43c207681b40,e8dcec4b-5c93-48af-b13a-0d0e0adaf4c1,,The Little House,Virginia Lee Burton,published/published,false,false,true,0,true,B_PARTIAL,missing_isbn13;missing_description;missing_publisher;missing_page_count;missing_cover
d0a65609-e87b-46b7-a05a-6472998000ef,0f51eaf7-2d6e-485b-a9ee-dbec66f4c288,,The Lord of the Rings,J.R.R. Tolkien,published/published,false,false,true,0,true,B_PARTIAL,missing_isbn13;missing_description;missing_publisher;missing_page_count;missing_cover
48f992e3-0bf0-4f19-aa6f-cfe13ce871dd,a40ca8ae-d2f5-4b97-98d6-91b3c5078f0a,,The Magic Strings of Frankie Presto,Mitch Albom,published/published,false,false,true,0,true,B_PARTIAL,missing_isbn13;missing_description;missing_publisher;missing_page_count;missing_cover
14dd7380-7089-4a2c-a7c2-ef9887d54995,3bb26b85-bff3-4c97-bf72-b9f74fbd3cfa,,The Magician's Nephew,C. S. Lewis,published/published,false,false,true,0,true,B_PARTIAL,missing_isbn13;missing_description;missing_publisher;missing_page_count;missing_cover
5082d598-244c-43c5-ba49-dd61f8962a2e,2b3e6bf6-fdc5-43c4-9bc5-abccdec9e869,,The Martian,Andy Weir,published/published,false,false,true,0,true,B_PARTIAL,missing_isbn13;missing_description;missing_publisher;missing_page_count;missing_cover
8932f04c-af36-425e-9e86-fc2d1ea4bd20,93243f68-544f-4bb4-b4df-cbc7e80f89d5,,The Miraculous Journey of Edward Tulane,Kate DiCamillo,published/published,false,false,true,0,true,B_PARTIAL,missing_isbn13;missing_description;missing_publisher;missing_page_count;missing_cover
8ad79ddf-27f4-4106-aec7-e6b5b991ae1c,b504568f-a21a-4b78-a54e-48e6266eb473,,The Moment,Douglas Kennedy,published/published,false,false,true,0,true,B_PARTIAL,missing_isbn13;missing_description;missing_publisher;missing_page_count;missing_cover
09d7af33-49d0-418b-bff4-938aaa0a7a50,41eab54b-d166-477d-a21a-c13407c4226d,,The Nanny Diaries (Nanny #1),"Emma McLaughlin, Emma Mclaughlin, Nicola Kraus",published/published,false,false,true,0,true,B_PARTIAL,missing_isbn13;missing_description;missing_publisher;missing_page_count;missing_cover
301a523f-d538-4453-aeec-c2f8c127f667,fd6bfd87-201d-4707-915f-61df2a81cebe,,The Old Man and the Sea,Ernest Hemingway,published/published,false,false,true,0,true,B_PARTIAL,missing_isbn13;missing_description;missing_publisher;missing_page_count;missing_cover
b4bb7645-652a-4497-884f-46924aa03dbb,b3c81b2b-bc6b-448b-80db-f5f9d633ecfe,,The One (The Selection #3),Kiera Cass,published/published,false,false,true,0,true,B_PARTIAL,missing_isbn13;missing_description;missing_publisher;missing_page_count;missing_cover
45fd8ad0-7bb5-4b9d-8527-cc9c0c9709ec,e8ada070-03c4-4fc4-a237-da0b14eca405,,The One and Only Ivan,Katherine Applegate,published/published,false,false,true,0,true,B_PARTIAL,missing_isbn13;missing_description;missing_publisher;missing_page_count;missing_cover
4a77e1a6-28af-4c56-8685-5b6c16c88df7,be085910-6d03-4502-bd5a-c166c52521b4,,The Orange Fairy Book,Andrew Lang,published/published,false,false,true,0,true,B_PARTIAL,missing_isbn13;missing_description;missing_publisher;missing_page_count;missing_cover
012ab8b1-4ffa-45f4-bbf2-22eaa555eba9,1532a4ee-67f4-4d10-9e47-0f6df82d9d68,,The Origin of Species Reasoning mystery Novel Fiction Book Korean Jeong Yujeong 종의 기원 정유정,Jeong Yujeong,published/published,false,false,true,0,true,B_PARTIAL,missing_isbn13;missing_description;missing_publisher;missing_page_count;missing_cover
b179bbeb-cb23-4b6a-b473-60239ec06475,904e8e4a-72b8-42cc-a638-88730b89d1eb,,The Palace of Dreams,Ismail Kadare,published/published,false,false,true,0,true,B_PARTIAL,missing_isbn13;missing_description;missing_publisher;missing_page_count;missing_cover
47304d67-b8c9-4f0b-9a13-5c36e74ad0d7,49dace43-b45a-4e22-9e16-e05913cbde2e,,The Pearl,John Steinbeck,published/published,false,false,true,0,true,B_PARTIAL,missing_isbn13;missing_description;missing_publisher;missing_page_count;missing_cover
7b57a103-febb-4fe6-84a1-e68ba1c971a9,e505f81d-d8b4-4a6e-b52a-62c7c60aa6f1,,The Pilgrim's Progress,John Bunyan,published/published,false,false,true,0,true,B_PARTIAL,missing_isbn13;missing_description;missing_publisher;missing_page_count;missing_cover
009fb714-dfce-430d-b248-40a2a42b744e,5170d332-7c2c-4d72-9fc3-3a12418ab3f5,,The Price of Salt,Patricia Highsmith,published/published,false,false,true,0,true,B_PARTIAL,missing_isbn13;missing_description;missing_publisher;missing_page_count;missing_cover
4ef06108-7e5c-4f07-807f-a0a0d8f7e012,04ae39c4-29e1-42b5-9707-50c2b9a1f3a4,,The Problem of Pain,"C. S. Lewis, James Simmons",published/published,false,false,true,0,true,B_PARTIAL,missing_isbn13;missing_description;missing_publisher;missing_page_count;missing_cover
751b6a1c-58d6-43ca-b3cc-939d0ab50ea7,d43737aa-6daa-46c9-aeff-924891a6fc7d,,The Prophet,Kahlil Gibran,published/published,false,false,true,0,true,B_PARTIAL,missing_isbn13;missing_description;missing_publisher;missing_page_count;missing_cover
50d294c1-9980-4b40-b660-39ad09535878,434ce4f9-5d44-4b2c-8043-29982b3c7d2a,,The Rainbow Fish,Marcus Pfister,published/published,false,false,true,0,true,B_PARTIAL,missing_isbn13;missing_description;missing_publisher;missing_page_count;missing_cover
3ad31e8f-368b-4376-b3f4-502cedc19676,948f6614-d6e7-4df4-8002-adf09367a862,,The Red Badge of Courage,Stephen Crane,published/published,false,false,true,0,true,B_PARTIAL,missing_isbn13;missing_description;missing_publisher;missing_page_count;missing_cover
820ad3c4-fb7b-4619-9a07-5fe254228167,50691925-5b66-4ae2-943b-c06dc531c9d4,,The Red Queen,Margaret Drabble,published/published,false,false,true,0,true,B_PARTIAL,missing_isbn13;missing_description;missing_publisher;missing_page_count;missing_cover
9a8b9e7f-60b3-419e-82c2-07ef2754dc52,1833f736-e0c0-4059-bd4c-b212bf11d558,,The Red Tent,Anita Diamant,published/published,false,false,true,0,true,B_PARTIAL,missing_isbn13;missing_description;missing_publisher;missing_page_count;missing_cover
4a07b86b-63a4-4e04-83bb-2c786601404e,c40bcb1e-9e3f-445a-9afb-1bb20a90b0d4,,The Remains of the Day,Kazuo Ishiguro,published/published,false,false,true,0,true,B_PARTIAL,missing_isbn13;missing_description;missing_publisher;missing_page_count;missing_cover
a259a64e-20e3-4b33-85c2-753cdb824f75,502eba25-40c1-4ab7-8761-18b65ef4b888,,The Return of the King,J.R.R. Tolkien,published/published,false,false,true,0,true,B_PARTIAL,missing_isbn13;missing_description;missing_publisher;missing_page_count;missing_cover
2f62814d-4797-40d5-9703-b7702179c6ac,b4232687-f664-4f28-8a13-c9a94edc77fc,,The Robber Bride,"Margaret Atwood, Deborah Simmons",published/published,false,false,true,0,true,B_PARTIAL,missing_isbn13;missing_description;missing_publisher;missing_page_count;missing_cover
e871e29a-bf91-49b6-b5eb-ed1e8330d266,5a30f28b-5454-4a19-9731-f88df6531f7f,,The Rule of Four,"Ian Caldwell, Dustin Thomason, Eiko Kakinuma",published/published,false,false,true,0,true,B_PARTIAL,missing_isbn13;missing_description;missing_publisher;missing_page_count;missing_cover
29b78e2c-fc89-41cd-8970-5abd3b20866b,0e50a8de-5919-40e9-9048-79e598d29449,,The Seasons of Arnold's Apple Tree,Gail Gibbons,published/published,false,false,true,0,true,B_PARTIAL,missing_isbn13;missing_description;missing_publisher;missing_page_count;missing_cover
45ee5786-6d11-4b32-a680-d015fb051886,f4996627-1787-4c81-a045-ca0ab723b40f,,The Selection (The Selection #1),Kiera Cass,published/published,false,false,true,0,true,B_PARTIAL,missing_isbn13;missing_description;missing_publisher;missing_page_count;missing_cover
64254a3a-4807-4a4b-a395-a86ed5b1f68c,843ae04c-a3ac-4868-9e20-6f655731ab99,,The Song of the Lark,Willa Cather,published/published,false,false,true,0,true,B_PARTIAL,missing_isbn13;missing_description;missing_publisher;missing_page_count;missing_cover
8a49afd2-151e-489c-976a-21ba230eb50d,7eeb82e9-edbc-419c-9e5e-93f23f66e943,,The Stone Monkey,Jeffery Deaver,published/published,false,false,true,0,true,B_PARTIAL,missing_isbn13;missing_description;missing_publisher;missing_page_count;missing_cover
13d8cca6-2197-482d-8051-6774556bff8e,2d05e94f-632c-4abb-a538-68fb28c1c992,,The Stranger Diaries,Elly Griffiths,published/published,false,false,true,0,true,B_PARTIAL,missing_isbn13;missing_description;missing_publisher;missing_page_count;missing_cover
857a8f21-b387-49fc-9ed3-86a7bfbdef0b,1611a404-be18-4269-8cea-550d72ec4e8b,,The Tales of Beedle the Bard,J. K. Rowling,published/published,false,false,true,0,true,B_PARTIAL,missing_isbn13;missing_description;missing_publisher;missing_page_count;missing_cover
38ebbab4-e055-467c-ae3f-8f35eccc3616,b16ec1e5-b05d-43bc-8c3a-e6307ffccb4e,,The Tempest,William Shakespeare,published/published,false,false,true,0,true,B_PARTIAL,missing_isbn13;missing_description;missing_publisher;missing_page_count;missing_cover
0fa47cad-36ca-4416-b882-966bdeb924c9,64cfd4da-c705-4c76-a7b8-8defddabe220,,The Therapist,B.A. Paris,published/published,false,false,true,0,true,B_PARTIAL,missing_isbn13;missing_description;missing_publisher;missing_page_count;missing_cover
f82a9cba-29d9-4867-b60c-470d5979116f,9e38b665-8f17-4303-9270-440fbc7d4d61,,The True Story of the Three Little Pigs,Jon Scieszka,published/published,false,false,true,0,true,B_PARTIAL,missing_isbn13;missing_description;missing_publisher;missing_page_count;missing_cover
3aeae892-6ef6-4682-868f-20b2a5c17dcc,35981775-ecac-487c-b5ec-5bcaca84fcfb,,The Twits,Roald Dahl,published/published,false,false,true,0,true,B_PARTIAL,missing_isbn13;missing_description;missing_publisher;missing_page_count;missing_cover
3a1f8070-2d88-44d8-b063-c6d7b61d27bf,c0ea77b8-cdd5-4691-8a08-465ea0e86f05,,The Ugly Truth,Jeff Kinney,published/published,false,false,true,0,true,B_PARTIAL,missing_isbn13;missing_description;missing_publisher;missing_page_count;missing_cover
3919de94-52ae-495c-848d-3fa919d964fe,202d905f-1fdc-4aa0-87d2-0326d277d246,,The Underground Railroad,Colson Whitehead,published/published,false,false,true,0,true,B_PARTIAL,missing_isbn13;missing_description;missing_publisher;missing_page_count;missing_cover
cc930bc6-1c44-4d67-8ed1-1c8fac772da3,5453fa29-e626-40ed-8eeb-2c1fb00941a2,,The Wave,Todd Strasser,published/published,false,false,true,0,true,B_PARTIAL,missing_isbn13;missing_description;missing_publisher;missing_page_count;missing_cover
4742524d-70aa-4b05-beaf-4065da3f1a56,61138e4f-99ca-437c-9408-9f430dac46ee,,The Way Things Work,David Macaulay,published/published,false,false,true,0,true,B_PARTIAL,missing_isbn13;missing_description;missing_publisher;missing_page_count;missing_cover
0bedc44a-0dc6-4b04-b36c-70ceca344040,acc508cd-337b-4686-aa65-40a8e370f599,,The Wife and Other Stories [9 stories],Антон Павлович Чехов,published/published,false,false,true,0,true,B_PARTIAL,missing_isbn13;missing_description;missing_publisher;missing_page_count;missing_cover
727e4584-db5d-48b8-9ecf-57f49fcb7b25,cd6f7c46-16e2-448e-8791-52f5d5396546,,The Woman in the Fifth,Douglas Kennedy,published/published,false,false,true,0,true,B_PARTIAL,missing_isbn13;missing_description;missing_publisher;missing_page_count;missing_cover
31ae5dad-f579-4f15-bc6a-e5c36da63f97,d17164ec-130e-4d9e-ad2e-69d464fa1cd5,,The Woman in the Library,Sulari Gentill,published/published,false,false,true,0,true,B_PARTIAL,missing_isbn13;missing_description;missing_publisher;missing_page_count;missing_cover
5373b56c-1064-4cef-a525-ec4ca794a83d,be6b2666-b941-4fb2-a236-112cf1a5bf59,,The Wonderful Wizard of Oz,L. Frank Baum,published/published,false,false,true,0,true,B_PARTIAL,missing_isbn13;missing_description;missing_publisher;missing_page_count;missing_cover
a3cfc990-2b7f-45ff-a891-1b1b76c5a7f5,5e477653-9876-44e1-b223-8e01eac3aa07,,The Works of Edgar Allan Poe in Five Volumes,Edgar Allan Poe,published/published,false,false,true,0,true,B_PARTIAL,missing_isbn13;missing_description;missing_publisher;missing_page_count;missing_cover
7498c31b-324a-42ef-b3e1-a58eceb1c020,98e45e44-43a3-4eb3-bcb7-696f8273092b,,The Works of Edgar Allan Poe in Five Volumes - Volume Five,Edgar Allan Poe,published/published,false,false,true,0,true,B_PARTIAL,missing_isbn13;missing_description;missing_publisher;missing_page_count;missing_cover
c3a3f454-6a0a-4258-9f9c-30c4f4f5228d,e37a2264-d647-441e-a485-dd7c69a509d3,,The Works of Edgar Allan Poe in Five Volumes - Volume Four,Edgar Allan Poe,published/published,false,false,true,0,true,B_PARTIAL,missing_isbn13;missing_description;missing_publisher;missing_page_count;missing_cover
deb47f76-8b3b-46b0-8365-d8a297116041,45d96123-e33b-4bdd-b138-66b1104c77b7,,The Works of Edgar Allan Poe in Five Volumes - Volume Three (King Pest / Ligeia / Morella / Narrative of A. Gordon Pym / Spectacles / Tale of the Ragged Mountains / Three Sundays in a Week),Edgar Allan Poe,published/published,false,false,true,0,true,B_PARTIAL,missing_isbn13;missing_description;missing_publisher;missing_page_count;missing_cover
ac14633b-0a43-4978-abd1-05b111f0f391,9dedcc66-a377-4f2a-9ad4-e4709ad64859,,The amazing bone,"William Steig, William Steig",published/published,false,false,true,0,true,B_PARTIAL,missing_isbn13;missing_description;missing_publisher;missing_page_count;missing_cover
25f4456e-9c70-4c83-8350-d76cf817dda3,f2e9155d-33e1-4ade-aace-57aefaeae77a,,"The doors of his face, the lamps of his mouth",Roger Zelazny,published/published,false,false,true,0,true,B_PARTIAL,missing_isbn13;missing_description;missing_publisher;missing_page_count;missing_cover
a288f10d-2682-4a12-a600-9c0188e6f710,e959d8f1-7270-40e7-8ee9-b6e6a7f7983d,,The emperor's new clothes,"Hans Christian Andersen, Ève Tharlet, Jeffrey Stewart Timmins, Stephanie True Peters",published/published,false,false,true,0,true,B_PARTIAL,missing_isbn13;missing_description;missing_publisher;missing_page_count;missing_cover
c53ffd34-b0fb-4c9b-9e68-d24e832ab815,fab99e5e-6c78-4a63-ae2c-e2d69fb94d08,,The fifth child,Doris Lessing,published/published,false,false,true,0,true,B_PARTIAL,missing_isbn13;missing_description;missing_publisher;missing_page_count;missing_cover
5f4832c3-20b6-4012-a296-c625ba1f68e4,7d7f8b23-3b56-48f5-be96-5d9d05ab1284,,The girl at the Lion d'Or,Sebastian Faulks,published/published,false,false,true,0,true,B_PARTIAL,missing_isbn13;missing_description;missing_publisher;missing_page_count;missing_cover
1a07fc04-9012-426c-9665-62a9c2df5f4a,8cd06285-2a2b-4b1b-ad5f-646531a02c31,,The golden apples of the sun and other stories,Ray Bradbury,published/published,false,false,true,0,true,B_PARTIAL,missing_isbn13;missing_description;missing_publisher;missing_page_count;missing_cover
e6fe84c1-fe0f-44cf-8c5b-ad4c8063a383,43a8d4de-8fcc-4e25-8102-fadb181e08e2,,"The hare and the tortoise, based on the fable by La Fontaine",Brian Wildsmith,published/published,false,false,true,0,true,B_PARTIAL,missing_isbn13;missing_description;missing_publisher;missing_page_count;missing_cover
b4bc9ef9-946c-4984-aabd-71b8903cd045,cb3f05bf-7d69-425b-9f9c-17a35577cae0,,The kite fighters,Linda Sue Park,published/published,false,false,true,0,true,B_PARTIAL,missing_isbn13;missing_description;missing_publisher;missing_page_count;missing_cover
26f032f1-381c-41fe-9ff6-50b4e4c6f145,44954f47-2cd7-48b3-9699-d83aaf51c731,,The lady and the unicorn,"Tracy Chevalier, Terry Donnelly Robert Blumenfeld",published/published,false,false,true,0,true,B_PARTIAL,missing_isbn13;missing_description;missing_publisher;missing_page_count;missing_cover
b81d4e41-0e45-4b8f-9514-6752c0b3c3b3,568db37a-3f5a-40ab-b97f-f833eeb4b971,,The last station,Jay Parini,published/published,false,false,true,0,true,B_PARTIAL,missing_isbn13;missing_description;missing_publisher;missing_page_count;missing_cover
0e2c4bce-479a-41a2-ac99-df4950927476,8340f982-3b87-4069-9c62-1c63073d1ca8,,The library,Sarah Stewart,published/published,false,false,true,0,true,B_PARTIAL,missing_isbn13;missing_description;missing_publisher;missing_page_count;missing_cover
0aa3002e-d5ff-4189-9285-bf7a9f6e38b9,81db3b98-24eb-402a-b746-656df5398b56,,The lion and the rat,Jean de La Fontaine,published/published,false,false,true,0,true,B_PARTIAL,missing_isbn13;missing_description;missing_publisher;missing_page_count;missing_cover
5db79876-6719-4151-a2a3-141e365ec3d3,c922700f-c0d3-45ac-8d1c-b60aa2264c3e,,The little squeegy bug,"Bill Martin Jr., Michael Sampson",published/published,false,false,true,0,true,B_PARTIAL,missing_isbn13;missing_description;missing_publisher;missing_page_count;missing_cover
658f897c-42b5-466a-b290-3ce0ff2845f6,f985beec-e1ae-4961-a245-780c63bf6f3f,,The paper chase,John Jay Osborn,published/published,false,false,true,0,true,B_PARTIAL,missing_isbn13;missing_description;missing_publisher;missing_page_count;missing_cover
4eaac27d-7280-46e6-9c68-aa3842499a1d,d3f03195-46a4-454f-bf59-648f70503ea1,,The postman always rings twice,"James M. Cain, Andrew Braunsberg, David Mamet, Charles Mulvehill, Bob Rafelson",published/published,false,false,true,0,true,B_PARTIAL,missing_isbn13;missing_description;missing_publisher;missing_page_count;missing_cover
5b5d01ce-6321-4444-a291-f506fc2bf6ed,2f64cb99-e823-43b4-a2b7-d8bcd39e1ff0,,The three snow bears,Jan Brett,published/published,false,false,true,0,true,B_PARTIAL,missing_isbn13;missing_description;missing_publisher;missing_page_count;missing_cover
367763d3-2ca7-430c-9656-381ba7f880f0,23175c70-1d8c-4f87-9c5c-df22f5e22059,,The tragedy of X,Ellery Queen,published/published,false,false,true,0,true,B_PARTIAL,missing_isbn13;missing_description;missing_publisher;missing_page_count;missing_cover
581e3a06-0700-4641-a531-92758ea64fdd,e68a289d-a077-480f-bbd7-1265ac6c4c7a,,The very quiet cricket,Eric Carle,published/published,false,false,true,0,true,B_PARTIAL,missing_isbn13;missing_description;missing_publisher;missing_page_count;missing_cover
9b9882a1-6ce6-4a3c-9190-7927b339f894,18b08078-3b6e-4f7e-b961-01c0d1006d81,,The years,Virginia Woolf,published/published,false,false,true,0,true,B_PARTIAL,missing_isbn13;missing_description;missing_publisher;missing_page_count;missing_cover
ba314a1e-973a-475e-a85e-198b03ba619c,5e34c970-1deb-4cff-a1db-a4ab321a3efd,,"There, there",Sam McBratney,published/published,false,false,true,0,true,B_PARTIAL,missing_isbn13;missing_description;missing_publisher;missing_page_count;missing_cover
707bf27c-02dc-4bef-83b7-e62d29be27d2,d85e1d6a-e8d8-4182-8dff-7777a12c6b04,,Three Men in a Boat (to say nothing of the dog),Jerome Klapka Jérôme,published/published,false,false,true,0,true,B_PARTIAL,missing_isbn13;missing_description;missing_publisher;missing_page_count;missing_cover
97527b97-23db-41cc-9c1e-00259f483793,778a157b-c1d8-4fd5-83a9-9838634b6d07,,Through the Looking-Glass,Lewis Carroll,published/published,false,false,true,0,true,B_PARTIAL,missing_isbn13;missing_description;missing_publisher;missing_page_count;missing_cover
d82d3a14-948a-4258-9991-423bc3d19237,0db6a44c-c63d-4578-8d1a-89e38badfcd0,,Till We Have Faces,C. S. Lewis,published/published,false,false,true,0,true,B_PARTIAL,missing_isbn13;missing_description;missing_publisher;missing_page_count;missing_cover
5838d609-04eb-4dcf-ba46-bcca1d192b38,0b4017de-3eb1-4d74-9c83-e06505a9e70c,,To Kill a Mockingbird,Harper Lee,published/published,false,false,true,0,true,B_PARTIAL,missing_isbn13;missing_description;missing_publisher;missing_page_count;missing_cover
70ab431d-4044-4454-9079-002f16cf7db4,bb1c62d4-b799-414f-a294-b00b639fedbf,,To Say Nothing of the Dog,Connie Willis,published/published,false,false,true,0,true,B_PARTIAL,missing_isbn13;missing_description;missing_publisher;missing_page_count;missing_cover
47eeecef-f2a7-4aea-a4b0-a5c7153d79b3,58660b8f-20c3-4982-b39b-4ef0dfd7d162,,To dance with the white dog,Terry Kay,published/published,false,false,true,0,true,B_PARTIAL,missing_isbn13;missing_description;missing_publisher;missing_page_count;missing_cover
104b29ba-f913-4ce9-85ad-1e5ba7b8e26f,cc66b21b-882a-4176-887c-8eeee104a693,,Travesuras de la niña mala,Mario Vargas Llosa,published/published,false,false,true,0,true,B_PARTIAL,missing_isbn13;missing_description;missing_publisher;missing_page_count;missing_cover
ce41b0c8-cd28-4bdd-9479-fdd22bc34883,67721980-8ae3-48fa-98fd-a8a3da8273a8,,Uri ka mannan sigan,"Yi, Ŭn-yong (Writer of juvenile fiction)",published/published,false,false,true,0,true,B_PARTIAL,missing_isbn13;missing_description;missing_publisher;missing_page_count;missing_cover
9a15f69c-b3c4-4023-a37d-b2d299daab23,f95b12db-905c-416a-92b6-f181d62421d2,,Veronika decide morrer,Paulo Coelho,published/published,false,false,true,0,true,B_PARTIAL,missing_isbn13;missing_description;missing_publisher;missing_page_count;missing_cover
f95672fb-49db-4726-846e-25265c7eb47b,efca93af-c352-4a60-ab3a-ba40d6a2c39a,,Vios ke Politia tou Alexi Zorba,Nikos Kazantzakis,published/published,false,false,true,0,true,B_PARTIAL,missing_isbn13;missing_description;missing_publisher;missing_page_count;missing_cover
a527fd50-be3e-479a-89c0-68c49ca8de0c,4d19a012-e402-49db-8e8f-33ca884add8e,,Virtuous women,"Richard Rutt, Man-jung Kim",published/published,false,false,true,0,true,B_PARTIAL,missing_isbn13;missing_description;missing_publisher;missing_page_count;missing_cover
f97fc074-4147-4363-ae24-091a0938ab1a,505d03e7-2185-47a8-8aef-546304624b01,,Walk the blue fields,Claire Keegan,published/published,false,false,true,0,true,B_PARTIAL,missing_isbn13;missing_description;missing_publisher;missing_page_count;missing_cover
cc9bf4e3-9a75-4a70-9824-33cbda07c8ba,f84de289-2ff5-400f-ba0d-26cb4c0ea0f9,,War Horse,"Michael Morpurgo, Mercè Santaularia Campillo",published/published,false,false,true,0,true,B_PARTIAL,missing_isbn13;missing_description;missing_publisher;missing_page_count;missing_cover
12257a46-4e04-404a-833b-ae08970ce1dd,40ee24f4-39b6-4817-985c-90934c7824bb,,Waseda Bungaku kiroku zōkan,Yasuhisa Yoshikawa,published/published,false,false,true,0,true,B_PARTIAL,missing_isbn13;missing_description;missing_publisher;missing_page_count;missing_cover
b26ea92d-8370-4b14-9386-c05673c01db3,edabb69e-631c-4a27-8576-f9b28dd84550,,Water for Elephants,"Sara Gruen, David LeDoux, John Randolph Jones",published/published,false,false,true,0,true,B_PARTIAL,missing_isbn13;missing_description;missing_publisher;missing_page_count;missing_cover
d92aedf4-3d46-4333-a08f-9f7e1183cfc8,b9d72dcd-2a87-4b66-9e95-b0a5dc6b174c,,Watership Down,"Richard Adams, Richard Adams",published/published,false,false,true,0,true,B_PARTIAL,missing_isbn13;missing_description;missing_publisher;missing_page_count;missing_cover
2140e26a-dcd6-4252-8739-114b51f921cb,0c2a068a-ac85-4ca3-bef1-8a48e6e03a1d,,What We Talk About When We Talk About Love,Raymond Carver,published/published,false,false,true,0,true,B_PARTIAL,missing_isbn13;missing_description;missing_publisher;missing_page_count;missing_cover
12a0ccf4-ac7c-4b2a-b5fe-686a8f563bc3,977c95bc-f3f4-4fd1-b89b-edfd9f04f076,,When my name was Keoko,Linda Sue Park,published/published,false,false,true,0,true,B_PARTIAL,missing_isbn13;missing_description;missing_publisher;missing_page_count;missing_cover
eae90827-4d3c-4d26-9cdc-9aa58cbe3648,3336f2f0-478e-4d3d-9b0e-97248dce5a5b,,Where the Wild Things Are,Maurice Sendak,published/published,false,false,true,0,true,B_PARTIAL,missing_isbn13;missing_description;missing_publisher;missing_page_count;missing_cover
0a18d2cd-d1e7-4235-9ffb-0acbdb92d790,4ecfee0e-e7a3-4328-87c7-dd485111af61,,Where's Waldo?,Martin Handford,published/published,false,false,true,0,true,B_PARTIAL,missing_isbn13;missing_description;missing_publisher;missing_page_count;missing_cover
bcc43230-c811-4a30-8469-08cf3928278a,854a774c-d59d-4992-bdc8-a01900e8be4f,,Whirlwind Courtship,Jayne Ann Krentz,published/published,false,false,true,0,true,B_PARTIAL,missing_isbn13;missing_description;missing_publisher;missing_page_count;missing_cover
65e2b1be-e21e-4f03-924f-7e489d73b849,a32bccf2-cb24-451f-a50a-5ab2914ea0cd,,White Fang,Jack London,published/published,false,false,true,0,true,B_PARTIAL,missing_isbn13;missing_description;missing_publisher;missing_page_count;missing_cover
7b61b5dd-44be-4345-8d81-397cd843c6b0,ad0bdfd7-a524-449b-91e9-8b9f94c2c642,,Who Moved My Cheese?,Spencer Johnson,published/published,false,false,true,0,true,B_PARTIAL,missing_isbn13;missing_description;missing_publisher;missing_page_count;missing_cover
dbcd2b89-96a4-43b6-a2e8-f22b3c0d9454,c3fc48d3-3e2f-47cc-9a94-2b23a01b3072,,Wicked,Gregory Maguire,published/published,false,false,true,0,true,B_PARTIAL,missing_isbn13;missing_description;missing_publisher;missing_page_count;missing_cover
2a99a2ee-1c8d-436f-bd84-9b0bc1130800,59a59c98-44ae-4a0d-9477-ba2015bae33c,,Wilde Reise durch die Nacht,Walter Moers,published/published,false,false,true,0,true,B_PARTIAL,missing_isbn13;missing_description;missing_publisher;missing_page_count;missing_cover
3c1379e8-e177-437e-aa89-788a561d1471,5a7705b0-8b54-4751-8784-997d731624e5,,Windmills of the gods,Sidney Sheldon,published/published,false,false,true,0,true,B_PARTIAL,missing_isbn13;missing_description;missing_publisher;missing_page_count;missing_cover
8d6e2d31-4f7c-4a17-80d9-87ac21bdf953,441f5864-d752-483a-b4f0-dcd0e83e446f,,Wolf in the Snow,Matthew Cordell,published/published,false,false,true,0,true,B_PARTIAL,missing_isbn13;missing_description;missing_publisher;missing_page_count;missing_cover
84b2185e-fe54-416e-83aa-def5eb6d01e5,8e644a2e-0871-4489-9275-8d880bfef2f9,,Works (Awakening / Beyond the Bayou / Desiree's Baby / Kiss / Locket / Ma'ame Pelagie / Pair of Silk Stockings / Reflection / Respectable Woman),Kate Chopin,published/published,false,false,true,0,true,B_PARTIAL,missing_isbn13;missing_description;missing_publisher;missing_page_count;missing_cover
a07df38d-d589-48a6-b437-69038484c00a,4579d004-20a1-485c-82c4-081418109f9c,,"Works (Hitch Hiker's Guide to the Galaxy / Restaurant at the End of the Universe / Life, the Universe and Everything / So Long, and Thanks for All the Fish / Mostly Harmless / Young Zaphod Plays it Safe)",Douglas Adams,published/published,false,false,true,0,true,B_PARTIAL,missing_isbn13;missing_description;missing_publisher;missing_page_count;missing_cover
3236542e-88e9-4b15-bc14-046caf732a2c,7c933303-83c1-4b2b-96f8-c800487b12e7,,"Works [37 plays, 6 poems, sonnets]",William Shakespeare,published/published,false,false,true,0,true,B_PARTIAL,missing_isbn13;missing_description;missing_publisher;missing_page_count;missing_cover
a042e4eb-52fe-4765-83d4-c22cd36c81f3,496b75da-a660-4f28-8773-e31d816169a4,,Wuthering Heights,Emily Brontë,published/published,false,false,true,0,true,B_PARTIAL,missing_isbn13;missing_description;missing_publisher;missing_page_count;missing_cover
55fb425b-f82e-40cc-8761-9241ef54ff53,6beeeb38-e3bb-4db6-8be1-cda13b6809cd,,Wŏnbon kodae kungmun sosŏl taepʻyo sŏnjip.,,published/published,false,false,true,0,true,B_PARTIAL,missing_isbn13;missing_author;missing_description;missing_publisher;missing_page_count;missing_cover
a4c8c3d6-dbbe-474f-804e-cb8077a206fb,ad052b21-f8f0-4137-89d8-15063eb1df44,,Xi you ji,"Wu Cheng'en, Eleanor Hazard, Chʻeng-en Wu, Darwin L. Teilhet, Anthony C. Yu",published/published,false,false,true,0,true,B_PARTIAL,missing_isbn13;missing_description;missing_publisher;missing_page_count;missing_cover
dae41300-f1b5-4493-95ed-927ea0d2d50e,a4883ec6-d293-4d4f-8544-f590a60278ee,,Yi Tʻae-jun,Yŏng-u Chang,published/published,false,false,true,0,true,B_PARTIAL,missing_isbn13;missing_description;missing_publisher;missing_page_count;missing_cover
a2bb9419-3923-4c83-be31-639bda26e7d0,91cc4912-ab72-4eac-b326-359530809df9,,You Are Special,Max Lucado,published/published,false,false,true,0,true,B_PARTIAL,missing_isbn13;missing_description;missing_publisher;missing_page_count;missing_cover
f75a755c-8d44-4a81-922f-7117b94722b7,52f982c8-4d99-47fb-94ec-37e3c2513b7b,,Yŏm Sang-sŏp kwa hyŏndae sosŏl ŭi hyŏngsŏng,Kyŏng-su Kim,published/published,false,false,true,0,true,B_PARTIAL,missing_isbn13;missing_description;missing_publisher;missing_page_count;missing_cover
b8fc7c4f-660c-4a62-bf29-28784a17a24a,fb5bb11e-534c-4b42-9a15-cec8a479eac1,,Yŏnghwa wa sosŏl ŭi sichŏm kwa imiji,Pyŏng-ch'ŏl Na,published/published,false,false,true,0,true,B_PARTIAL,missing_isbn13;missing_description;missing_publisher;missing_page_count;missing_cover
debe1459-7d3c-4b36-885f-3aeb3f6b4caf,bb0b6905-82bf-41e3-9e5a-520712b991a5,,a week in winter,Maeve Binchy,published/published,false,false,true,0,true,B_PARTIAL,missing_isbn13;missing_description;missing_publisher;missing_page_count;missing_cover
ea7d6b0c-2cb0-47dd-821e-dd573994f7b3,389fc9fd-ea7c-4e4d-9e64-a99ac4f182e3,,πολιτεία,Plato,published/published,false,false,true,0,true,B_PARTIAL,missing_isbn13;missing_description;missing_publisher;missing_page_count;missing_cover
75322704-0463-4aa5-a72d-a577483dd7e1,36807e0e-f463-4672-993b-0c7c965826b7,,Вечный муж,Фёдор Михайлович Достоевский,published/published,false,false,true,0,true,B_PARTIAL,missing_isbn13;missing_description;missing_publisher;missing_page_count;missing_cover
6bbbe70a-8a92-4155-a0c9-3bf990dd0a3f,89f2768f-2f02-43c9-9172-90e64d6dd3f0,,פנתר במרתף,עמוס עוז,published/published,false,false,true,0,true,B_PARTIAL,missing_isbn13;missing_description;missing_publisher;missing_page_count;missing_cover
e864891a-0519-41de-850f-e70cd660f16d,6e6ef090-83ac-49f4-83f5-b8215c6a139f,,キッチン,吉本 ばなな,published/published,false,false,true,0,true,B_PARTIAL,missing_isbn13;missing_description;missing_publisher;missing_page_count;missing_cover
dc560a14-0fd7-4888-b9b7-96a8fc51ea9b,b63520b2-321d-40bf-aebd-d45c64a612c7,,バター,Asako Yuzuki,published/published,false,false,true,0,true,B_PARTIAL,missing_isbn13;missing_description;missing_publisher;missing_page_count;missing_cover
3e22314b-4f7e-480d-a4ea-5d97fa85d302,8c9c351a-0c60-417c-a2f7-84ecdfe14230,,人間失格,太宰 治,published/published,false,false,true,0,true,B_PARTIAL,missing_isbn13;missing_description;missing_publisher;missing_page_count;missing_cover
ebe574b6-2303-435a-95a9-d4e0f403c55d,eb2e3932-5a56-436b-8ad3-a709c6b2e3d3,,個人的聖經 = Yi ge ren di sheng jing,Gao Xingjian,published/published,false,false,true,0,true,B_PARTIAL,missing_isbn13;missing_description;missing_publisher;missing_page_count;missing_cover
dcf4b6f1-fcec-4c6b-975d-186887cb9000,59ab8ebd-59c9-4b7e-ad3d-e48f1aca967d,,海辺のカフカ,村上春樹,published/published,false,false,true,0,true,B_PARTIAL,missing_isbn13;missing_description;missing_publisher;missing_page_count;missing_cover
82c2a40f-4b98-46b1-8224-e77e96674095,d44ab4b3-6e44-49ec-aef2-b8b93b3dee54,,金閣寺,三島由紀夫,published/published,false,false,true,0,true,B_PARTIAL,missing_isbn13;missing_description;missing_publisher;missing_page_count;missing_cover
46af89f6-864f-417f-952f-d705d9d24c9b,50dfcfba-3a55-45a1-9cf2-825975976c5d,,靈山 = Ling shan,Gao Xingjian,published/published,false,false,true,0,true,B_PARTIAL,missing_isbn13;missing_description;missing_publisher;missing_page_count;missing_cover
f39c301f-963c-4b46-a7cc-ed6b42c64656,74671bfb-cdf7-41cd-a01b-dfb7edf4b9d8,,교실 맨 앞 줄,"김 성일, Kyŏng-a Song",published/published,false,false,true,0,true,B_PARTIAL,missing_isbn13;missing_description;missing_publisher;missing_page_count;missing_cover
8667471d-9ca6-447c-9b2d-3a0532dcf97c,03a7bd46-a31d-4259-bc6f-a4f1bde36a09,,구미 베어 살인 사건,Dcdc (Science fiction writer),published/published,false,false,true,0,true,B_PARTIAL,missing_isbn13;missing_description;missing_publisher;missing_page_count;missing_cover
a9ef919c-c10c-4a00-9a45-c38574b22e05,0c942ba3-8e15-43ff-b382-920b9254b0f9,,긴긴밤,루리,published/published,false,false,true,0,true,B_PARTIAL,missing_isbn13;missing_publisher;missing_page_count;missing_cover
0693907f-f92b-40ed-b211-174772bf13bd,71494e82-6c55-460f-97af-1e479af30460,,나미야 잡화점의 기적,히가시노 게이고,published/published,false,false,true,0,true,B_PARTIAL,missing_isbn13;missing_publisher;missing_page_count;missing_cover
14a3f33c-1a13-4689-8c28-b463a0716e7f,4ac5f5d9-de5b-4936-a9ef-b6f5722fea0f,,달러구트 꿈 백화점,이미예,published/published,false,false,true,0,true,B_PARTIAL,missing_isbn13;missing_publisher;missing_page_count;missing_cover
15281686-80ac-45b3-82a4-286d073918e0,be5502a2-9675-475c-80d4-e0c1c3eabb01,,라훌라,방귀희，,published/published,false,false,true,0,true,B_PARTIAL,missing_isbn13;missing_description;missing_publisher;missing_page_count;missing_cover
6920061e-d44d-4959-bd1c-2203e2db988b,c497d7b1-18ed-4245-bf40-c253fea01b6a,,불편한 편의점,김호연,published/published,false,false,true,0,true,B_PARTIAL,missing_isbn13;missing_publisher;missing_page_count;missing_cover
c3cb2c90-fae7-4ae1-83c7-cb62df52466e,6ee30b10-1a7a-4ac7-b0c6-582739ad4b18,,"상상력과시, 환상시와허구시",최진연,published/published,false,false,true,0,true,B_PARTIAL,missing_isbn13;missing_description;missing_publisher;missing_page_count;missing_cover
7139f293-90ae-4063-915f-e1f7609f88f0,0fa93061-ab94-4fe7-9026-38d544422006,,셜록 홈즈,아서 코난 도일,published/published,false,false,true,0,true,B_PARTIAL,missing_isbn13;missing_publisher;missing_page_count;missing_cover
9919334b-b380-4ef2-ad3a-65fddfcca093,8e9139ac-a363-4f46-978f-6e915ac346d0,,소년이 온다,"Han Kang, Alba Cunill Fulquet",published/published,false,false,true,0,true,B_PARTIAL,missing_isbn13;missing_description;missing_publisher;missing_page_count;missing_cover
51715f92-ea58-446e-8921-6edf1f37add5,ef0c06fe-6f0c-4a1c-8d0a-01c2b8fa35bd,,소설학사전,한용환,published/published,false,false,true,0,true,B_PARTIAL,missing_isbn13;missing_description;missing_publisher;missing_page_count;missing_cover
35341ab2-57d8-4893-818e-2eeefabf50bd,3b4a5e84-d98e-4e0e-85ea-39526c368b17,,아몬드,손원평,published/published,false,false,true,0,true,B_PARTIAL,missing_isbn13;missing_publisher;missing_page_count;missing_cover
607e20b3-0d40-4ae2-a271-adae746f8314,7d624fce-cedc-436c-97ca-0454be51518d,,아주 작은 습관의 힘,제임스 클리어,published/published,false,false,true,0,true,B_PARTIAL,missing_isbn13;missing_publisher;missing_page_count;missing_cover
7431cab6-fe86-4706-af83-98c13c8f7072,a6fe7626-6f16-42dd-a0f6-3813324d851e,,엔딩 보게 해주세요,"Po-yŏng Kim, 김 성일, 김 인정, 김 철곤, Sam-hye Chŏn",published/published,false,false,true,0,true,B_PARTIAL,missing_isbn13;missing_description;missing_publisher;missing_page_count;missing_cover
a22efa78-e710-4db0-b3e7-148cbed4d289,d38fd1a7-1dad-4607-9188-aa0960803036,,여성 작가 SF 단편 모음집,"파출리, 박 애진",published/published,false,false,true,0,true,B_PARTIAL,missing_isbn13;missing_description;missing_publisher;missing_page_count;missing_cover
2cde6a49-15a3-44c2-adc3-284d0c84d0f6,538fa57e-2c47-4f30-a919-16c59256c9e8,,역사에서허구로,Hsiao-peng Lu,published/published,false,false,true,0,true,B_PARTIAL,missing_isbn13;missing_description;missing_publisher;missing_page_count;missing_cover
ed414190-bca0-4c1f-86d1-dc9da8ced1a7,aa4b8f49-6329-4204-8004-75ed987d14a1,,지구 끝의 온실,김초엽,published/published,false,false,true,0,true,B_PARTIAL,missing_isbn13;missing_publisher;missing_page_count;missing_cover
00bd1885-05e1-4556-800c-9bf48658db8e,af55056e-e46f-4abb-bc8f-a1bfcf85a112,,채식주의자,"Han Kang, Mihwa Jo;, Gabi Martínez",published/published,false,false,true,0,true,B_PARTIAL,missing_isbn13;missing_description;missing_publisher;missing_page_count;missing_cover
09b88e85-ab28-4f75-a65b-3fb446d7faa0,852edf4f-42e6-4ef1-bb77-e6a7cb738045,,체리새우: 비밀글입니다,황영미,published/published,false,false,true,0,true,B_PARTIAL,missing_isbn13;missing_publisher;missing_page_count;missing_cover
f088da14-60c6-40f8-8ef2-042fecaa2e0c,113ed14a-0866-4d55-9db7-6a48a909805c,,팩트풀니스,한스 로슬링,published/published,false,false,true,0,true,B_PARTIAL,missing_isbn13;missing_publisher;missing_page_count;missing_cover
34c3329e-678c-47dc-87c2-3a02a3c9600f,18fee320-8355-46ca-b1f6-42fe9f8c7830,,한국 서사 문학 의 통사적 고찰,Hŭi-yun Chʻae,published/published,false,false,true,0,true,B_PARTIAL,missing_isbn13;missing_description;missing_publisher;missing_page_count;missing_cover
139a6824-307d-4baf-aae0-1d0d1e40fd54,76921279-6c06-4308-bc69-15c65cbf9635,,흰,"Han Kang, Sunme Yoon",published/published,false,false,true,0,true,B_PARTIAL,missing_isbn13;missing_description;missing_publisher;missing_page_count;missing_cover